2026-07-31 09:33:38.500 [restartedMain] INFO  c.e.a.AuthSystemApplication - Starting AuthSystemApplication using Java 21.0.11 with PID 9776 (C:\Users\hp\Desktop\Ei Khaing Soe\auth-system\auth-system\target\classes started by hp in C:\Users\hp\Desktop\Ei Khaing Soe\auth-system\auth-system)
2026-07-31 09:33:38.506 [restartedMain] DEBUG c.e.a.AuthSystemApplication - Running with Spring Boot v3.2.0, Spring v6.1.1
2026-07-31 09:33:38.511 [restartedMain] INFO  c.e.a.AuthSystemApplication - No active profile set, falling back to 1 default profile: "default"
2026-07-31 09:33:38.557 [restartedMain] INFO  o.s.b.d.e.DevToolsPropertyDefaultsPostProcessor - Devtools property defaults active! Set 'spring.devtools.add-properties' to 'false' to disable
2026-07-31 09:33:38.557 [restartedMain] INFO  o.s.b.d.e.DevToolsPropertyDefaultsPostProcessor - For additional web related logging consider setting the 'logging.level.web' property to 'DEBUG'
2026-07-31 09:33:39.376 [restartedMain] INFO  o.s.d.r.c.RepositoryConfigurationDelegate - Bootstrapping Spring Data JPA repositories in DEFAULT mode.
2026-07-31 09:33:39.503 [restartedMain] INFO  o.s.d.r.c.RepositoryConfigurationDelegate - Finished Spring Data repository scanning in 131 ms. Found 36 JPA repository interfaces.
2026-07-31 09:33:40.052 [restartedMain] INFO  o.s.b.w.e.tomcat.TomcatWebServer - Tomcat initialized with port 8080 (http)
2026-07-31 09:33:40.061 [restartedMain] INFO  o.a.catalina.core.StandardService - Starting service [Tomcat]
2026-07-31 09:33:40.061 [restartedMain] INFO  o.a.catalina.core.StandardEngine - Starting Servlet engine: [Apache Tomcat/10.1.16]
2026-07-31 09:33:40.102 [restartedMain] INFO  o.a.c.c.C.[Tomcat].[localhost].[/] - Initializing Spring embedded WebApplicationContext
2026-07-31 09:33:40.102 [restartedMain] INFO  o.s.b.w.s.c.ServletWebServerApplicationContext - Root WebApplicationContext: initialization completed in 1545 ms
2026-07-31 09:33:40.181 [restartedMain] INFO  com.zaxxer.hikari.HikariDataSource - HikariPool-1 - Starting...
2026-07-31 09:33:40.377 [restartedMain] INFO  com.zaxxer.hikari.pool.HikariPool - HikariPool-1 - Added connection org.postgresql.jdbc.PgConnection@110a42c2
2026-07-31 09:33:40.377 [restartedMain] INFO  com.zaxxer.hikari.HikariDataSource - HikariPool-1 - Start completed.
2026-07-31 09:33:40.498 [restartedMain] INFO  o.f.c.i.s.classpath.ClassPathScanner - Flyway OSS Edition 10.0.0 by Redgate
2026-07-31 09:33:40.498 [restartedMain] INFO  o.f.c.i.s.classpath.ClassPathScanner - 
2026-07-31 09:33:40.498 [restartedMain] INFO  o.f.c.i.s.classpath.ClassPathScanner - See release notes here: https://rd.gt/416ObMi
2026-07-31 09:33:40.505 [restartedMain] INFO  org.flywaydb.core.FlywayExecutor - Database: jdbc:postgresql://localhost:5432/auth-db (PostgreSQL 18.4)
2026-07-31 09:33:40.513 [restartedMain] WARN  o.f.c.i.database.base.Database - Flyway upgrade recommended: PostgreSQL 18.4 is newer than this version of Flyway and support has not been tested. The latest supported version of PostgreSQL is 15.
2026-07-31 09:33:40.563 [restartedMain] INFO  o.f.core.internal.command.DbMigrate - Current version of schema "public": 32
2026-07-31 09:33:40.563 [restartedMain] WARN  o.f.core.internal.command.DbMigrate - outOfOrder mode is active. Migration of schema "public" may not be reproducible.
2026-07-31 09:33:40.563 [restartedMain] INFO  o.f.core.internal.command.DbMigrate - Schema "public" is up to date. No migration necessary.
2026-07-31 09:33:40.647 [restartedMain] INFO  o.h.jpa.internal.util.LogHelper - HHH000204: Processing PersistenceUnitInfo [name: default]
2026-07-31 09:33:40.690 [restartedMain] INFO  org.hibernate.Version - HHH000412: Hibernate ORM core version 6.3.1.Final
2026-07-31 09:33:40.726 [restartedMain] INFO  o.h.c.i.RegionFactoryInitiator - HHH000026: Second-level cache disabled
2026-07-31 09:33:40.989 [restartedMain] INFO  o.s.o.j.p.SpringPersistenceUnitInfo - No LoadTimeWeaver setup: ignoring JPA class transformer
2026-07-31 09:33:42.143 [restartedMain] INFO  o.h.e.t.j.p.i.JtaPlatformInitiator - HHH000489: No JTA platform available (set 'hibernate.transaction.jta.platform' to enable JTA platform integration)
2026-07-31 09:33:42.143 [restartedMain] INFO  o.s.o.j.LocalContainerEntityManagerFactoryBean - Initialized JPA EntityManagerFactory for persistence unit 'default'
2026-07-31 09:33:42.405 [restartedMain] INFO  o.s.d.j.r.query.QueryEnhancerFactory - Hibernate is in classpath; If applicable, HQL parser will be used.
2026-07-31 09:33:42.720 [restartedMain] DEBUG c.e.a.a.s.JwtAuthenticationFilter - Filter 'jwtAuthenticationFilter' configured for use
2026-07-31 09:33:44.588 [restartedMain] WARN  o.s.b.a.o.j.JpaBaseConfiguration$JpaWebConfiguration - spring.jpa.open-in-view is enabled by default. Therefore, database queries may be performed during view rendering. Explicitly configure spring.jpa.open-in-view to disable this warning
2026-07-31 09:33:44.809 [restartedMain] INFO  o.s.s.web.DefaultSecurityFilterChain - Will secure any request with [org.springframework.security.web.session.DisableEncodeUrlFilter@58996b3a, org.springframework.security.web.context.request.async.WebAsyncManagerIntegrationFilter@249ce1f6, org.springframework.security.web.context.SecurityContextHolderFilter@5f23e396, org.springframework.security.web.header.HeaderWriterFilter@738bc894, org.springframework.security.web.authentication.logout.LogoutFilter@46371d75, com.example.auth_system.auth.security.JwtAuthenticationFilter@4a7f5872, org.springframework.security.web.savedrequest.RequestCacheAwareFilter@1b1ca85e, org.springframework.security.web.servletapi.SecurityContextHolderAwareRequestFilter@1d6d1509, org.springframework.security.web.authentication.AnonymousAuthenticationFilter@c272d64, org.springframework.security.web.session.SessionManagementFilter@435cea34, org.springframework.security.web.access.ExceptionTranslationFilter@1921981b, org.springframework.security.web.access.intercept.AuthorizationFilter@1efc40a7]
2026-07-31 09:33:45.268 [restartedMain] INFO  o.s.b.d.a.OptionalLiveReloadServer - LiveReload server is running on port 35729
2026-07-31 09:33:45.316 [restartedMain] INFO  o.s.b.w.e.tomcat.TomcatWebServer - Tomcat started on port 8080 (http) with context path ''
2026-07-31 09:33:45.324 [restartedMain] INFO  c.e.a.AuthSystemApplication - Started AuthSystemApplication in 7.145 seconds (process running for 7.64)
2026-07-31 09:33:45.395 [restartedMain] DEBUG org.hibernate.SQL - 
    select
        u1_0.id,
        u1_0.created_at,
        u1_0.email,
        u1_0.email_verified,
        u1_0.enabled,
        u1_0.first_name,
        u1_0.last_login_at,
        u1_0.last_name,
        u1_0.password,
        u1_0.store_id,
        u1_0.updated_at,
        u1_0.username 
    from
        users u1_0 
    where
        u1_0.email=?
2026-07-31 09:33:45.410 [restartedMain] DEBUG org.hibernate.SQL - 
    select
        r1_0.user_id,
        r1_1.id,
        r1_1.name,
        p1_0.role_id,
        p1_1.id,
        p1_1.created_at,
        p1_1.description,
        p1_1.name 
    from
        user_roles r1_0 
    join
        roles r1_1 
            on r1_1.id=r1_0.role_id 
    left join
        (role_permissions p1_0 
    join
        permissions p1_1 
            on p1_1.id=p1_0.permission_id) 
        on r1_1.id=p1_0.role_id 
    where
        r1_0.user_id=?
2026-07-31 09:33:45.431 [restartedMain] DEBUG org.hibernate.SQL - 
    select
        p1_0.role_id,
        p1_1.id,
        p1_1.created_at,
        p1_1.description,
        p1_1.name 
    from
        role_permissions p1_0 
    join
        permissions p1_1 
            on p1_1.id=p1_0.permission_id 
    where
        p1_0.role_id=?
2026-07-31 09:54:30.786 [File Watcher] INFO  o.s.b.d.a.LocalDevToolsAutoConfiguration$RestartingClassPathChangeChangedEventListener - Restarting due to 1 class path change (0 additions, 0 deletions, 1 modification)
2026-07-31 09:54:30.801 [Thread-5] INFO  o.s.o.j.LocalContainerEntityManagerFactoryBean - Closing JPA EntityManagerFactory for persistence unit 'default'
2026-07-31 09:54:30.804 [Thread-5] INFO  com.zaxxer.hikari.HikariDataSource - HikariPool-1 - Shutdown initiated...
2026-07-31 09:54:30.807 [Thread-5] INFO  com.zaxxer.hikari.HikariDataSource - HikariPool-1 - Shutdown completed.
2026-07-31 09:54:30.926 [restartedMain] INFO  c.e.a.AuthSystemApplication - Starting AuthSystemApplication using Java 21.0.11 with PID 9776 (C:\Users\hp\Desktop\Ei Khaing Soe\auth-system\auth-system\target\classes started by hp in C:\Users\hp\Desktop\Ei Khaing Soe\auth-system\auth-system)
2026-07-31 09:54:30.927 [restartedMain] DEBUG c.e.a.AuthSystemApplication - Running with Spring Boot v3.2.0, Spring v6.1.1
2026-07-31 09:54:30.927 [restartedMain] INFO  c.e.a.AuthSystemApplication - No active profile set, falling back to 1 default profile: "default"
2026-07-31 09:54:31.300 [restartedMain] INFO  o.s.d.r.c.RepositoryConfigurationDelegate - Bootstrapping Spring Data JPA repositories in DEFAULT mode.
2026-07-31 09:54:31.454 [restartedMain] INFO  o.s.d.r.c.RepositoryConfigurationDelegate - Finished Spring Data repository scanning in 153 ms. Found 36 JPA repository interfaces.
2026-07-31 09:54:31.701 [restartedMain] INFO  o.s.b.w.e.tomcat.TomcatWebServer - Tomcat initialized with port 8080 (http)
2026-07-31 09:54:31.701 [restartedMain] INFO  o.a.catalina.core.StandardService - Starting service [Tomcat]
2026-07-31 09:54:31.701 [restartedMain] INFO  o.a.catalina.core.StandardEngine - Starting Servlet engine: [Apache Tomcat/10.1.16]
2026-07-31 09:54:31.715 [restartedMain] INFO  o.a.c.c.C.[Tomcat].[localhost].[/] - Initializing Spring embedded WebApplicationContext
2026-07-31 09:54:31.715 [restartedMain] INFO  o.s.b.w.s.c.ServletWebServerApplicationContext - Root WebApplicationContext: initialization completed in 786 ms
2026-07-31 09:54:31.765 [restartedMain] INFO  com.zaxxer.hikari.HikariDataSource - HikariPool-2 - Starting...
2026-07-31 09:54:31.798 [restartedMain] INFO  com.zaxxer.hikari.pool.HikariPool - HikariPool-2 - Added connection org.postgresql.jdbc.PgConnection@7578b765
2026-07-31 09:54:31.798 [restartedMain] INFO  com.zaxxer.hikari.HikariDataSource - HikariPool-2 - Start completed.
2026-07-31 09:54:31.817 [restartedMain] INFO  org.flywaydb.core.FlywayExecutor - Database: jdbc:postgresql://localhost:5432/auth-db (PostgreSQL 18.4)
2026-07-31 09:54:31.819 [restartedMain] WARN  o.f.c.i.database.base.Database - Flyway upgrade recommended: PostgreSQL 18.4 is newer than this version of Flyway and support has not been tested. The latest supported version of PostgreSQL is 15.
2026-07-31 09:54:31.865 [restartedMain] INFO  o.f.core.internal.command.DbMigrate - Current version of schema "public": 32
2026-07-31 09:54:31.865 [restartedMain] WARN  o.f.core.internal.command.DbMigrate - outOfOrder mode is active. Migration of schema "public" may not be reproducible.
2026-07-31 09:54:31.865 [restartedMain] INFO  o.f.core.internal.command.DbMigrate - Schema "public" is up to date. No migration necessary.
2026-07-31 09:54:31.916 [restartedMain] INFO  o.h.jpa.internal.util.LogHelper - HHH000204: Processing PersistenceUnitInfo [name: default]
2026-07-31 09:54:31.919 [restartedMain] INFO  o.h.c.i.RegionFactoryInitiator - HHH000026: Second-level cache disabled
2026-07-31 09:54:31.934 [restartedMain] INFO  o.s.o.j.p.SpringPersistenceUnitInfo - No LoadTimeWeaver setup: ignoring JPA class transformer
2026-07-31 09:54:32.419 [restartedMain] INFO  o.h.e.t.j.p.i.JtaPlatformInitiator - HHH000489: No JTA platform available (set 'hibernate.transaction.jta.platform' to enable JTA platform integration)
2026-07-31 09:54:32.420 [restartedMain] INFO  o.s.o.j.LocalContainerEntityManagerFactoryBean - Initialized JPA EntityManagerFactory for persistence unit 'default'
2026-07-31 09:54:32.518 [restartedMain] DEBUG c.e.a.a.s.JwtAuthenticationFilter - Filter 'jwtAuthenticationFilter' configured for use
2026-07-31 09:54:34.438 [restartedMain] WARN  o.s.b.a.o.j.JpaBaseConfiguration$JpaWebConfiguration - spring.jpa.open-in-view is enabled by default. Therefore, database queries may be performed during view rendering. Explicitly configure spring.jpa.open-in-view to disable this warning
2026-07-31 09:54:34.655 [restartedMain] INFO  o.s.s.web.DefaultSecurityFilterChain - Will secure any request with [org.springframework.security.web.session.DisableEncodeUrlFilter@21234d87, org.springframework.security.web.context.request.async.WebAsyncManagerIntegrationFilter@6670a206, org.springframework.security.web.context.SecurityContextHolderFilter@2066be24, org.springframework.security.web.header.HeaderWriterFilter@4293fb88, org.springframework.security.web.authentication.logout.LogoutFilter@6e61f099, com.example.auth_system.auth.security.JwtAuthenticationFilter@2dbcb79c, org.springframework.security.web.savedrequest.RequestCacheAwareFilter@afe41ae, org.springframework.security.web.servletapi.SecurityContextHolderAwareRequestFilter@576cb4c2, org.springframework.security.web.authentication.AnonymousAuthenticationFilter@50cfece2, org.springframework.security.web.session.SessionManagementFilter@75bb330b, org.springframework.security.web.access.ExceptionTranslationFilter@6b38215f, org.springframework.security.web.access.intercept.AuthorizationFilter@40a78832]
2026-07-31 09:54:35.074 [restartedMain] INFO  o.s.b.d.a.OptionalLiveReloadServer - LiveReload server is running on port 35729
2026-07-31 09:54:35.090 [restartedMain] INFO  o.s.b.w.e.tomcat.TomcatWebServer - Tomcat started on port 8080 (http) with context path ''
2026-07-31 09:54:35.092 [restartedMain] INFO  c.e.a.AuthSystemApplication - Started AuthSystemApplication in 4.203 seconds (process running for 1257.293)
2026-07-31 09:54:35.124 [restartedMain] DEBUG org.hibernate.SQL - 
    select
        u1_0.id,
        u1_0.created_at,
        u1_0.email,
        u1_0.email_verified,
        u1_0.enabled,
        u1_0.first_name,
        u1_0.last_login_at,
        u1_0.last_name,
        u1_0.password,
        u1_0.store_id,
        u1_0.updated_at,
        u1_0.username 
    from
        users u1_0 
    where
        u1_0.email=?
2026-07-31 09:54:35.143 [restartedMain] DEBUG org.hibernate.SQL - 
    select
        r1_0.user_id,
        r1_1.id,
        r1_1.name,
        p1_0.role_id,
        p1_1.id,
        p1_1.created_at,
        p1_1.description,
        p1_1.name 
    from
        user_roles r1_0 
    join
        roles r1_1 
            on r1_1.id=r1_0.role_id 
    left join
        (role_permissions p1_0 
    join
        permissions p1_1 
            on p1_1.id=p1_0.permission_id) 
        on r1_1.id=p1_0.role_id 
    where
        r1_0.user_id=?
2026-07-31 09:54:35.155 [restartedMain] DEBUG org.hibernate.SQL - 
    select
        p1_0.role_id,
        p1_1.id,
        p1_1.created_at,
        p1_1.description,
        p1_1.name 
    from
        role_permissions p1_0 
    join
        permissions p1_1 
            on p1_1.id=p1_0.permission_id 
    where
        p1_0.role_id=?
2026-07-31 09:54:35.167 [restartedMain] INFO  o.s.b.d.a.ConditionEvaluationDeltaLoggingListener - Condition evaluation unchanged
2026-07-31 09:55:26.326 [File Watcher] INFO  o.s.b.d.a.LocalDevToolsAutoConfiguration$RestartingClassPathChangeChangedEventListener - Restarting due to 3 class path changes (0 additions, 0 deletions, 3 modifications)
2026-07-31 09:55:26.347 [Thread-7] INFO  o.s.o.j.LocalContainerEntityManagerFactoryBean - Closing JPA EntityManagerFactory for persistence unit 'default'
2026-07-31 09:55:26.347 [Thread-7] INFO  com.zaxxer.hikari.HikariDataSource - HikariPool-2 - Shutdown initiated...
2026-07-31 09:55:26.351 [Thread-7] INFO  com.zaxxer.hikari.HikariDataSource - HikariPool-2 - Shutdown completed.
2026-07-31 09:55:26.456 [restartedMain] INFO  c.e.a.AuthSystemApplication - Starting AuthSystemApplication using Java 21.0.11 with PID 9776 (C:\Users\hp\Desktop\Ei Khaing Soe\auth-system\auth-system\target\classes started by hp in C:\Users\hp\Desktop\Ei Khaing Soe\auth-system\auth-system)
2026-07-31 09:55:26.458 [restartedMain] DEBUG c.e.a.AuthSystemApplication - Running with Spring Boot v3.2.0, Spring v6.1.1
2026-07-31 09:55:26.458 [restartedMain] INFO  c.e.a.AuthSystemApplication - No active profile set, falling back to 1 default profile: "default"
2026-07-31 09:55:26.764 [restartedMain] INFO  o.s.d.r.c.RepositoryConfigurationDelegate - Bootstrapping Spring Data JPA repositories in DEFAULT mode.
2026-07-31 09:55:26.900 [restartedMain] INFO  o.s.d.r.c.RepositoryConfigurationDelegate - Finished Spring Data repository scanning in 126 ms. Found 36 JPA repository interfaces.
2026-07-31 09:55:27.060 [restartedMain] INFO  o.s.b.w.e.tomcat.TomcatWebServer - Tomcat initialized with port 8080 (http)
2026-07-31 09:55:27.066 [restartedMain] INFO  o.a.catalina.core.StandardService - Starting service [Tomcat]
2026-07-31 09:55:27.066 [restartedMain] INFO  o.a.catalina.core.StandardEngine - Starting Servlet engine: [Apache Tomcat/10.1.16]
2026-07-31 09:55:27.093 [restartedMain] INFO  o.a.c.c.C.[Tomcat].[localhost].[/] - Initializing Spring embedded WebApplicationContext
2026-07-31 09:55:27.093 [restartedMain] INFO  o.s.b.w.s.c.ServletWebServerApplicationContext - Root WebApplicationContext: initialization completed in 633 ms
2026-07-31 09:55:27.126 [restartedMain] INFO  com.zaxxer.hikari.HikariDataSource - HikariPool-3 - Starting...
2026-07-31 09:55:27.176 [restartedMain] INFO  com.zaxxer.hikari.pool.HikariPool - HikariPool-3 - Added connection org.postgresql.jdbc.PgConnection@46d4957e
2026-07-31 09:55:27.176 [restartedMain] INFO  com.zaxxer.hikari.HikariDataSource - HikariPool-3 - Start completed.
2026-07-31 09:55:27.190 [restartedMain] INFO  org.flywaydb.core.FlywayExecutor - Database: jdbc:postgresql://localhost:5432/auth-db (PostgreSQL 18.4)
2026-07-31 09:55:27.193 [restartedMain] WARN  o.f.c.i.database.base.Database - Flyway upgrade recommended: PostgreSQL 18.4 is newer than this version of Flyway and support has not been tested. The latest supported version of PostgreSQL is 15.
2026-07-31 09:55:27.270 [restartedMain] INFO  o.f.core.internal.command.DbMigrate - Current version of schema "public": 32
2026-07-31 09:55:27.273 [restartedMain] WARN  o.f.core.internal.command.DbMigrate - outOfOrder mode is active. Migration of schema "public" may not be reproducible.
2026-07-31 09:55:27.273 [restartedMain] INFO  o.f.core.internal.command.DbMigrate - Schema "public" is up to date. No migration necessary.
2026-07-31 09:55:27.346 [restartedMain] INFO  o.h.jpa.internal.util.LogHelper - HHH000204: Processing PersistenceUnitInfo [name: default]
2026-07-31 09:55:27.347 [restartedMain] INFO  o.h.c.i.RegionFactoryInitiator - HHH000026: Second-level cache disabled
2026-07-31 09:55:27.364 [restartedMain] INFO  o.s.o.j.p.SpringPersistenceUnitInfo - No LoadTimeWeaver setup: ignoring JPA class transformer
2026-07-31 09:55:27.874 [restartedMain] INFO  o.h.e.t.j.p.i.JtaPlatformInitiator - HHH000489: No JTA platform available (set 'hibernate.transaction.jta.platform' to enable JTA platform integration)
2026-07-31 09:55:27.874 [restartedMain] INFO  o.s.o.j.LocalContainerEntityManagerFactoryBean - Initialized JPA EntityManagerFactory for persistence unit 'default'
2026-07-31 09:55:27.965 [restartedMain] DEBUG c.e.a.a.s.JwtAuthenticationFilter - Filter 'jwtAuthenticationFilter' configured for use
2026-07-31 09:55:29.975 [restartedMain] WARN  o.s.b.a.o.j.JpaBaseConfiguration$JpaWebConfiguration - spring.jpa.open-in-view is enabled by default. Therefore, database queries may be performed during view rendering. Explicitly configure spring.jpa.open-in-view to disable this warning
2026-07-31 09:55:30.099 [restartedMain] INFO  o.s.s.web.DefaultSecurityFilterChain - Will secure any request with [org.springframework.security.web.session.DisableEncodeUrlFilter@25260a20, org.springframework.security.web.context.request.async.WebAsyncManagerIntegrationFilter@591b246c, org.springframework.security.web.context.SecurityContextHolderFilter@4d10e782, org.springframework.security.web.header.HeaderWriterFilter@404b20e1, org.springframework.security.web.authentication.logout.LogoutFilter@17dd7383, com.example.auth_system.auth.security.JwtAuthenticationFilter@79ff3ece, org.springframework.security.web.savedrequest.RequestCacheAwareFilter@1b23afd5, org.springframework.security.web.servletapi.SecurityContextHolderAwareRequestFilter@2f6d878, org.springframework.security.web.authentication.AnonymousAuthenticationFilter@79e09f8e, org.springframework.security.web.session.SessionManagementFilter@2f5e199e, org.springframework.security.web.access.ExceptionTranslationFilter@6f872c51, org.springframework.security.web.access.intercept.AuthorizationFilter@258714ea]
2026-07-31 09:55:30.394 [restartedMain] INFO  o.s.b.d.a.OptionalLiveReloadServer - LiveReload server is running on port 35729
2026-07-31 09:55:30.410 [restartedMain] INFO  o.s.b.w.e.tomcat.TomcatWebServer - Tomcat started on port 8080 (http) with context path ''
2026-07-31 09:55:30.410 [restartedMain] INFO  c.e.a.AuthSystemApplication - Started AuthSystemApplication in 3.98 seconds (process running for 1312.608)
2026-07-31 09:55:30.448 [restartedMain] DEBUG org.hibernate.SQL - 
    select
        u1_0.id,
        u1_0.created_at,
        u1_0.email,
        u1_0.email_verified,
        u1_0.enabled,
        u1_0.first_name,
        u1_0.last_login_at,
        u1_0.last_name,
        u1_0.password,
        u1_0.store_id,
        u1_0.updated_at,
        u1_0.username 
    from
        users u1_0 
    where
        u1_0.email=?
2026-07-31 09:55:30.452 [restartedMain] DEBUG org.hibernate.SQL - 
    select
        r1_0.user_id,
        r1_1.id,
        r1_1.name,
        p1_0.role_id,
        p1_1.id,
        p1_1.created_at,
        p1_1.description,
        p1_1.name 
    from
        user_roles r1_0 
    join
        roles r1_1 
            on r1_1.id=r1_0.role_id 
    left join
        (role_permissions p1_0 
    join
        permissions p1_1 
            on p1_1.id=p1_0.permission_id) 
        on r1_1.id=p1_0.role_id 
    where
        r1_0.user_id=?
2026-07-31 09:55:30.463 [restartedMain] DEBUG org.hibernate.SQL - 
    select
        p1_0.role_id,
        p1_1.id,
        p1_1.created_at,
        p1_1.description,
        p1_1.name 
    from
        role_permissions p1_0 
    join
        permissions p1_1 
            on p1_1.id=p1_0.permission_id 
    where
        p1_0.role_id=?
2026-07-31 09:55:30.467 [restartedMain] INFO  o.s.b.d.a.ConditionEvaluationDeltaLoggingListener - Condition evaluation unchanged
2026-07-31 09:55:34.272 [File Watcher] INFO  o.s.b.d.a.LocalDevToolsAutoConfiguration$RestartingClassPathChangeChangedEventListener - Restarting due to 1 class path change (0 additions, 0 deletions, 1 modification)
2026-07-31 09:55:34.287 [Thread-11] INFO  o.s.o.j.LocalContainerEntityManagerFactoryBean - Closing JPA EntityManagerFactory for persistence unit 'default'
2026-07-31 09:55:34.287 [Thread-11] INFO  com.zaxxer.hikari.HikariDataSource - HikariPool-3 - Shutdown initiated...
2026-07-31 09:55:34.290 [Thread-11] INFO  com.zaxxer.hikari.HikariDataSource - HikariPool-3 - Shutdown completed.
2026-07-31 09:55:34.399 [restartedMain] INFO  c.e.a.AuthSystemApplication - Starting AuthSystemApplication using Java 21.0.11 with PID 9776 (C:\Users\hp\Desktop\Ei Khaing Soe\auth-system\auth-system\target\classes started by hp in C:\Users\hp\Desktop\Ei Khaing Soe\auth-system\auth-system)
2026-07-31 09:55:34.399 [restartedMain] DEBUG c.e.a.AuthSystemApplication - Running with Spring Boot v3.2.0, Spring v6.1.1
2026-07-31 09:55:34.399 [restartedMain] INFO  c.e.a.AuthSystemApplication - No active profile set, falling back to 1 default profile: "default"
2026-07-31 09:55:34.740 [restartedMain] INFO  o.s.d.r.c.RepositoryConfigurationDelegate - Bootstrapping Spring Data JPA repositories in DEFAULT mode.
2026-07-31 09:55:34.895 [restartedMain] INFO  o.s.d.r.c.RepositoryConfigurationDelegate - Finished Spring Data repository scanning in 143 ms. Found 36 JPA repository interfaces.
2026-07-31 09:55:35.088 [restartedMain] INFO  o.s.b.w.e.tomcat.TomcatWebServer - Tomcat initialized with port 8080 (http)
2026-07-31 09:55:35.103 [restartedMain] INFO  o.a.catalina.core.StandardService - Starting service [Tomcat]
2026-07-31 09:55:35.104 [restartedMain] INFO  o.a.catalina.core.StandardEngine - Starting Servlet engine: [Apache Tomcat/10.1.16]
2026-07-31 09:55:35.119 [restartedMain] INFO  o.a.c.c.C.[Tomcat].[localhost].[/] - Initializing Spring embedded WebApplicationContext
2026-07-31 09:55:35.119 [restartedMain] INFO  o.s.b.w.s.c.ServletWebServerApplicationContext - Root WebApplicationContext: initialization completed in 717 ms
2026-07-31 09:55:35.191 [restartedMain] INFO  com.zaxxer.hikari.HikariDataSource - HikariPool-4 - Starting...
2026-07-31 09:55:35.233 [restartedMain] INFO  com.zaxxer.hikari.pool.HikariPool - HikariPool-4 - Added connection org.postgresql.jdbc.PgConnection@776fd818
2026-07-31 09:55:35.233 [restartedMain] INFO  com.zaxxer.hikari.HikariDataSource - HikariPool-4 - Start completed.
2026-07-31 09:55:35.256 [restartedMain] INFO  org.flywaydb.core.FlywayExecutor - Database: jdbc:postgresql://localhost:5432/auth-db (PostgreSQL 18.4)
2026-07-31 09:55:35.256 [restartedMain] WARN  o.f.c.i.database.base.Database - Flyway upgrade recommended: PostgreSQL 18.4 is newer than this version of Flyway and support has not been tested. The latest supported version of PostgreSQL is 15.
2026-07-31 09:55:35.327 [restartedMain] INFO  o.f.core.internal.command.DbMigrate - Current version of schema "public": 32
2026-07-31 09:55:35.327 [restartedMain] WARN  o.f.core.internal.command.DbMigrate - outOfOrder mode is active. Migration of schema "public" may not be reproducible.
2026-07-31 09:55:35.329 [restartedMain] INFO  o.f.core.internal.command.DbMigrate - Schema "public" is up to date. No migration necessary.
2026-07-31 09:55:35.389 [restartedMain] INFO  o.h.jpa.internal.util.LogHelper - HHH000204: Processing PersistenceUnitInfo [name: default]
2026-07-31 09:55:35.392 [restartedMain] INFO  o.h.c.i.RegionFactoryInitiator - HHH000026: Second-level cache disabled
2026-07-31 09:55:35.412 [restartedMain] INFO  o.s.o.j.p.SpringPersistenceUnitInfo - No LoadTimeWeaver setup: ignoring JPA class transformer
2026-07-31 09:55:35.938 [restartedMain] INFO  o.h.e.t.j.p.i.JtaPlatformInitiator - HHH000489: No JTA platform available (set 'hibernate.transaction.jta.platform' to enable JTA platform integration)
2026-07-31 09:55:35.939 [restartedMain] INFO  o.s.o.j.LocalContainerEntityManagerFactoryBean - Initialized JPA EntityManagerFactory for persistence unit 'default'
2026-07-31 09:55:36.083 [restartedMain] DEBUG c.e.a.a.s.JwtAuthenticationFilter - Filter 'jwtAuthenticationFilter' configured for use
2026-07-31 09:55:38.053 [restartedMain] WARN  o.s.b.a.o.j.JpaBaseConfiguration$JpaWebConfiguration - spring.jpa.open-in-view is enabled by default. Therefore, database queries may be performed during view rendering. Explicitly configure spring.jpa.open-in-view to disable this warning
2026-07-31 09:55:38.195 [restartedMain] INFO  o.s.s.web.DefaultSecurityFilterChain - Will secure any request with [org.springframework.security.web.session.DisableEncodeUrlFilter@4677096e, org.springframework.security.web.context.request.async.WebAsyncManagerIntegrationFilter@3508e66b, org.springframework.security.web.context.SecurityContextHolderFilter@6b9bfa67, org.springframework.security.web.header.HeaderWriterFilter@78ad0d8, org.springframework.security.web.authentication.logout.LogoutFilter@5c55eb20, com.example.auth_system.auth.security.JwtAuthenticationFilter@528e16b1, org.springframework.security.web.savedrequest.RequestCacheAwareFilter@4efef36b, org.springframework.security.web.servletapi.SecurityContextHolderAwareRequestFilter@1fa3f67c, org.springframework.security.web.authentication.AnonymousAuthenticationFilter@195e74ce, org.springframework.security.web.session.SessionManagementFilter@75e146c, org.springframework.security.web.access.ExceptionTranslationFilter@d251cbb, org.springframework.security.web.access.intercept.AuthorizationFilter@659924a1]
2026-07-31 09:55:38.485 [restartedMain] INFO  o.s.b.d.a.OptionalLiveReloadServer - LiveReload server is running on port 35729
2026-07-31 09:55:38.536 [restartedMain] INFO  o.s.b.w.e.tomcat.TomcatWebServer - Tomcat started on port 8080 (http) with context path ''
2026-07-31 09:55:38.540 [restartedMain] INFO  c.e.a.AuthSystemApplication - Started AuthSystemApplication in 4.174 seconds (process running for 1320.725)
2026-07-31 09:55:38.563 [restartedMain] DEBUG org.hibernate.SQL - 
    select
        u1_0.id,
        u1_0.created_at,
        u1_0.email,
        u1_0.email_verified,
        u1_0.enabled,
        u1_0.first_name,
        u1_0.last_login_at,
        u1_0.last_name,
        u1_0.password,
        u1_0.store_id,
        u1_0.updated_at,
        u1_0.username 
    from
        users u1_0 
    where
        u1_0.email=?
2026-07-31 09:55:38.580 [restartedMain] DEBUG org.hibernate.SQL - 
    select
        r1_0.user_id,
        r1_1.id,
        r1_1.name,
        p1_0.role_id,
        p1_1.id,
        p1_1.created_at,
        p1_1.description,
        p1_1.name 
    from
        user_roles r1_0 
    join
        roles r1_1 
            on r1_1.id=r1_0.role_id 
    left join
        (role_permissions p1_0 
    join
        permissions p1_1 
            on p1_1.id=p1_0.permission_id) 
        on r1_1.id=p1_0.role_id 
    where
        r1_0.user_id=?
2026-07-31 09:55:38.589 [restartedMain] DEBUG org.hibernate.SQL - 
    select
        p1_0.role_id,
        p1_1.id,
        p1_1.created_at,
        p1_1.description,
        p1_1.name 
    from
        role_permissions p1_0 
    join
        permissions p1_1 
            on p1_1.id=p1_0.permission_id 
    where
        p1_0.role_id=?
2026-07-31 09:55:38.593 [restartedMain] INFO  o.s.b.d.a.ConditionEvaluationDeltaLoggingListener - Condition evaluation unchanged
2026-07-31 09:55:51.196 [File Watcher] INFO  o.s.b.d.a.LocalDevToolsAutoConfiguration$RestartingClassPathChangeChangedEventListener - Restarting due to 1 class path change (0 additions, 0 deletions, 1 modification)
2026-07-31 09:55:51.231 [Thread-15] INFO  o.s.o.j.LocalContainerEntityManagerFactoryBean - Closing JPA EntityManagerFactory for persistence unit 'default'
2026-07-31 09:55:51.231 [Thread-15] INFO  com.zaxxer.hikari.HikariDataSource - HikariPool-4 - Shutdown initiated...
2026-07-31 09:55:51.231 [Thread-15] INFO  com.zaxxer.hikari.HikariDataSource - HikariPool-4 - Shutdown completed.
2026-07-31 09:55:51.337 [restartedMain] INFO  c.e.a.AuthSystemApplication - Starting AuthSystemApplication using Java 21.0.11 with PID 9776 (C:\Users\hp\Desktop\Ei Khaing Soe\auth-system\auth-system\target\classes started by hp in C:\Users\hp\Desktop\Ei Khaing Soe\auth-system\auth-system)
2026-07-31 09:55:51.338 [restartedMain] DEBUG c.e.a.AuthSystemApplication - Running with Spring Boot v3.2.0, Spring v6.1.1
2026-07-31 09:55:51.338 [restartedMain] INFO  c.e.a.AuthSystemApplication - No active profile set, falling back to 1 default profile: "default"
2026-07-31 09:55:51.626 [restartedMain] INFO  o.s.d.r.c.RepositoryConfigurationDelegate - Bootstrapping Spring Data JPA repositories in DEFAULT mode.
2026-07-31 09:55:51.778 [restartedMain] INFO  o.s.d.r.c.RepositoryConfigurationDelegate - Finished Spring Data repository scanning in 157 ms. Found 36 JPA repository interfaces.
2026-07-31 09:55:51.965 [restartedMain] INFO  o.s.b.w.e.tomcat.TomcatWebServer - Tomcat initialized with port 8080 (http)
2026-07-31 09:55:51.965 [restartedMain] INFO  o.a.catalina.core.StandardService - Starting service [Tomcat]
2026-07-31 09:55:51.965 [restartedMain] INFO  o.a.catalina.core.StandardEngine - Starting Servlet engine: [Apache Tomcat/10.1.16]
2026-07-31 09:55:52.003 [restartedMain] INFO  o.a.c.c.C.[Tomcat].[localhost].[/] - Initializing Spring embedded WebApplicationContext
2026-07-31 09:55:52.003 [restartedMain] INFO  o.s.b.w.s.c.ServletWebServerApplicationContext - Root WebApplicationContext: initialization completed in 664 ms
2026-07-31 09:55:52.057 [restartedMain] INFO  com.zaxxer.hikari.HikariDataSource - HikariPool-5 - Starting...
2026-07-31 09:55:52.101 [restartedMain] INFO  com.zaxxer.hikari.pool.HikariPool - HikariPool-5 - Added connection org.postgresql.jdbc.PgConnection@22c69390
2026-07-31 09:55:52.101 [restartedMain] INFO  com.zaxxer.hikari.HikariDataSource - HikariPool-5 - Start completed.
2026-07-31 09:55:52.112 [restartedMain] INFO  org.flywaydb.core.FlywayExecutor - Database: jdbc:postgresql://localhost:5432/auth-db (PostgreSQL 18.4)
2026-07-31 09:55:52.116 [restartedMain] WARN  o.f.c.i.database.base.Database - Flyway upgrade recommended: PostgreSQL 18.4 is newer than this version of Flyway and support has not been tested. The latest supported version of PostgreSQL is 15.
2026-07-31 09:55:52.181 [restartedMain] INFO  o.f.core.internal.command.DbMigrate - Current version of schema "public": 32
2026-07-31 09:55:52.181 [restartedMain] WARN  o.f.core.internal.command.DbMigrate - outOfOrder mode is active. Migration of schema "public" may not be reproducible.
2026-07-31 09:55:52.181 [restartedMain] INFO  o.f.core.internal.command.DbMigrate - Schema "public" is up to date. No migration necessary.
2026-07-31 09:55:52.251 [restartedMain] INFO  o.h.jpa.internal.util.LogHelper - HHH000204: Processing PersistenceUnitInfo [name: default]
2026-07-31 09:55:52.251 [restartedMain] INFO  o.h.c.i.RegionFactoryInitiator - HHH000026: Second-level cache disabled
2026-07-31 09:55:52.267 [restartedMain] INFO  o.s.o.j.p.SpringPersistenceUnitInfo - No LoadTimeWeaver setup: ignoring JPA class transformer
2026-07-31 09:55:52.831 [restartedMain] INFO  o.h.e.t.j.p.i.JtaPlatformInitiator - HHH000489: No JTA platform available (set 'hibernate.transaction.jta.platform' to enable JTA platform integration)
2026-07-31 09:55:52.831 [restartedMain] INFO  o.s.o.j.LocalContainerEntityManagerFactoryBean - Initialized JPA EntityManagerFactory for persistence unit 'default'
2026-07-31 09:55:52.956 [restartedMain] DEBUG c.e.a.a.s.JwtAuthenticationFilter - Filter 'jwtAuthenticationFilter' configured for use
2026-07-31 09:55:54.397 [restartedMain] WARN  o.s.b.a.o.j.JpaBaseConfiguration$JpaWebConfiguration - spring.jpa.open-in-view is enabled by default. Therefore, database queries may be performed during view rendering. Explicitly configure spring.jpa.open-in-view to disable this warning
2026-07-31 09:55:54.485 [restartedMain] INFO  o.s.s.web.DefaultSecurityFilterChain - Will secure any request with [org.springframework.security.web.session.DisableEncodeUrlFilter@2092189c, org.springframework.security.web.context.request.async.WebAsyncManagerIntegrationFilter@2282fadf, org.springframework.security.web.context.SecurityContextHolderFilter@1727ff4e, org.springframework.security.web.header.HeaderWriterFilter@4ad2f59, org.springframework.security.web.authentication.logout.LogoutFilter@1cf3cc35, com.example.auth_system.auth.security.JwtAuthenticationFilter@2e9c4adc, org.springframework.security.web.savedrequest.RequestCacheAwareFilter@277d6473, org.springframework.security.web.servletapi.SecurityContextHolderAwareRequestFilter@4a474022, org.springframework.security.web.authentication.AnonymousAuthenticationFilter@79513be6, org.springframework.security.web.session.SessionManagementFilter@3dc87ef0, org.springframework.security.web.access.ExceptionTranslationFilter@29f3333a, org.springframework.security.web.access.intercept.AuthorizationFilter@20d7714a]
2026-07-31 09:55:54.778 [restartedMain] INFO  o.s.b.d.a.OptionalLiveReloadServer - LiveReload server is running on port 35729
2026-07-31 09:55:54.799 [restartedMain] INFO  o.s.b.w.e.tomcat.TomcatWebServer - Tomcat started on port 8080 (http) with context path ''
2026-07-31 09:55:54.803 [restartedMain] INFO  c.e.a.AuthSystemApplication - Started AuthSystemApplication in 3.488 seconds (process running for 1336.985)
2026-07-31 09:55:54.833 [restartedMain] DEBUG org.hibernate.SQL - 
    select
        u1_0.id,
        u1_0.created_at,
        u1_0.email,
        u1_0.email_verified,
        u1_0.enabled,
        u1_0.first_name,
        u1_0.last_login_at,
        u1_0.last_name,
        u1_0.password,
        u1_0.store_id,
        u1_0.updated_at,
        u1_0.username 
    from
        users u1_0 
    where
        u1_0.email=?
2026-07-31 09:55:54.837 [restartedMain] DEBUG org.hibernate.SQL - 
    select
        r1_0.user_id,
        r1_1.id,
        r1_1.name,
        p1_0.role_id,
        p1_1.id,
        p1_1.created_at,
        p1_1.description,
        p1_1.name 
    from
        user_roles r1_0 
    join
        roles r1_1 
            on r1_1.id=r1_0.role_id 
    left join
        (role_permissions p1_0 
    join
        permissions p1_1 
            on p1_1.id=p1_0.permission_id) 
        on r1_1.id=p1_0.role_id 
    where
        r1_0.user_id=?
2026-07-31 09:55:54.842 [restartedMain] DEBUG org.hibernate.SQL - 
    select
        p1_0.role_id,
        p1_1.id,
        p1_1.created_at,
        p1_1.description,
        p1_1.name 
    from
        role_permissions p1_0 
    join
        permissions p1_1 
            on p1_1.id=p1_0.permission_id 
    where
        p1_0.role_id=?
2026-07-31 09:55:54.842 [restartedMain] INFO  o.s.b.d.a.ConditionEvaluationDeltaLoggingListener - Condition evaluation unchanged
2026-07-31 09:56:23.148 [File Watcher] INFO  o.s.b.d.a.LocalDevToolsAutoConfiguration$RestartingClassPathChangeChangedEventListener - Restarting due to 1 class path change (0 additions, 0 deletions, 1 modification)
2026-07-31 09:56:23.165 [Thread-19] INFO  o.s.o.j.LocalContainerEntityManagerFactoryBean - Closing JPA EntityManagerFactory for persistence unit 'default'
2026-07-31 09:56:23.165 [Thread-19] INFO  com.zaxxer.hikari.HikariDataSource - HikariPool-5 - Shutdown initiated...
2026-07-31 09:56:23.167 [Thread-19] INFO  com.zaxxer.hikari.HikariDataSource - HikariPool-5 - Shutdown completed.
2026-07-31 09:56:23.279 [restartedMain] INFO  c.e.a.AuthSystemApplication - Starting AuthSystemApplication using Java 21.0.11 with PID 9776 (C:\Users\hp\Desktop\Ei Khaing Soe\auth-system\auth-system\target\classes started by hp in C:\Users\hp\Desktop\Ei Khaing Soe\auth-system\auth-system)
2026-07-31 09:56:23.280 [restartedMain] DEBUG c.e.a.AuthSystemApplication - Running with Spring Boot v3.2.0, Spring v6.1.1
2026-07-31 09:56:23.280 [restartedMain] INFO  c.e.a.AuthSystemApplication - No active profile set, falling back to 1 default profile: "default"
2026-07-31 09:56:23.566 [restartedMain] INFO  o.s.d.r.c.RepositoryConfigurationDelegate - Bootstrapping Spring Data JPA repositories in DEFAULT mode.
2026-07-31 09:56:23.687 [restartedMain] INFO  o.s.d.r.c.RepositoryConfigurationDelegate - Finished Spring Data repository scanning in 121 ms. Found 36 JPA repository interfaces.
2026-07-31 09:56:23.845 [restartedMain] INFO  o.s.b.w.e.tomcat.TomcatWebServer - Tomcat initialized with port 8080 (http)
2026-07-31 09:56:23.847 [restartedMain] INFO  o.a.catalina.core.StandardService - Starting service [Tomcat]
2026-07-31 09:56:23.847 [restartedMain] INFO  o.a.catalina.core.StandardEngine - Starting Servlet engine: [Apache Tomcat/10.1.16]
2026-07-31 09:56:23.878 [restartedMain] INFO  o.a.c.c.C.[Tomcat].[localhost].[/] - Initializing Spring embedded WebApplicationContext
2026-07-31 09:56:23.879 [restartedMain] INFO  o.s.b.w.s.c.ServletWebServerApplicationContext - Root WebApplicationContext: initialization completed in 597 ms
2026-07-31 09:56:23.924 [restartedMain] INFO  com.zaxxer.hikari.HikariDataSource - HikariPool-6 - Starting...
2026-07-31 09:56:23.967 [restartedMain] INFO  com.zaxxer.hikari.pool.HikariPool - HikariPool-6 - Added connection org.postgresql.jdbc.PgConnection@42aef743
2026-07-31 09:56:23.967 [restartedMain] INFO  com.zaxxer.hikari.HikariDataSource - HikariPool-6 - Start completed.
2026-07-31 09:56:23.979 [restartedMain] INFO  org.flywaydb.core.FlywayExecutor - Database: jdbc:postgresql://localhost:5432/auth-db (PostgreSQL 18.4)
2026-07-31 09:56:23.983 [restartedMain] WARN  o.f.c.i.database.base.Database - Flyway upgrade recommended: PostgreSQL 18.4 is newer than this version of Flyway and support has not been tested. The latest supported version of PostgreSQL is 15.
2026-07-31 09:56:24.038 [restartedMain] INFO  o.f.core.internal.command.DbMigrate - Current version of schema "public": 32
2026-07-31 09:56:24.038 [restartedMain] WARN  o.f.core.internal.command.DbMigrate - outOfOrder mode is active. Migration of schema "public" may not be reproducible.
2026-07-31 09:56:24.039 [restartedMain] INFO  o.f.core.internal.command.DbMigrate - Schema "public" is up to date. No migration necessary.
2026-07-31 09:56:24.074 [restartedMain] INFO  o.h.jpa.internal.util.LogHelper - HHH000204: Processing PersistenceUnitInfo [name: default]
2026-07-31 09:56:24.076 [restartedMain] INFO  o.h.c.i.RegionFactoryInitiator - HHH000026: Second-level cache disabled
2026-07-31 09:56:24.087 [restartedMain] INFO  o.s.o.j.p.SpringPersistenceUnitInfo - No LoadTimeWeaver setup: ignoring JPA class transformer
2026-07-31 09:56:24.708 [restartedMain] INFO  o.h.e.t.j.p.i.JtaPlatformInitiator - HHH000489: No JTA platform available (set 'hibernate.transaction.jta.platform' to enable JTA platform integration)
2026-07-31 09:56:24.708 [restartedMain] INFO  o.s.o.j.LocalContainerEntityManagerFactoryBean - Initialized JPA EntityManagerFactory for persistence unit 'default'
2026-07-31 09:56:24.835 [restartedMain] DEBUG c.e.a.a.s.JwtAuthenticationFilter - Filter 'jwtAuthenticationFilter' configured for use
2026-07-31 09:56:26.560 [restartedMain] WARN  o.s.b.a.o.j.JpaBaseConfiguration$JpaWebConfiguration - spring.jpa.open-in-view is enabled by default. Therefore, database queries may be performed during view rendering. Explicitly configure spring.jpa.open-in-view to disable this warning
2026-07-31 09:56:26.671 [restartedMain] INFO  o.s.s.web.DefaultSecurityFilterChain - Will secure any request with [org.springframework.security.web.session.DisableEncodeUrlFilter@30921912, org.springframework.security.web.context.request.async.WebAsyncManagerIntegrationFilter@3204f9a8, org.springframework.security.web.context.SecurityContextHolderFilter@4aa7986e, org.springframework.security.web.header.HeaderWriterFilter@58458064, org.springframework.security.web.authentication.logout.LogoutFilter@3306225a, com.example.auth_system.auth.security.JwtAuthenticationFilter@22b4753f, org.springframework.security.web.savedrequest.RequestCacheAwareFilter@34b6deb2, org.springframework.security.web.servletapi.SecurityContextHolderAwareRequestFilter@40842ee0, org.springframework.security.web.authentication.AnonymousAuthenticationFilter@3a056f27, org.springframework.security.web.session.SessionManagementFilter@4bf9cd9b, org.springframework.security.web.access.ExceptionTranslationFilter@9eee028, org.springframework.security.web.access.intercept.AuthorizationFilter@5055f220]
2026-07-31 09:56:27.013 [restartedMain] INFO  o.s.b.d.a.OptionalLiveReloadServer - LiveReload server is running on port 35729
2026-07-31 09:56:27.038 [restartedMain] INFO  o.s.b.w.e.tomcat.TomcatWebServer - Tomcat started on port 8080 (http) with context path ''
2026-07-31 09:56:27.043 [restartedMain] INFO  c.e.a.AuthSystemApplication - Started AuthSystemApplication in 3.799 seconds (process running for 1369.219)
2026-07-31 09:56:27.069 [restartedMain] DEBUG org.hibernate.SQL - 
    select
        u1_0.id,
        u1_0.created_at,
        u1_0.email,
        u1_0.email_verified,
        u1_0.enabled,
        u1_0.first_name,
        u1_0.last_login_at,
        u1_0.last_name,
        u1_0.password,
        u1_0.store_id,
        u1_0.updated_at,
        u1_0.username 
    from
        users u1_0 
    where
        u1_0.email=?
2026-07-31 09:56:27.074 [restartedMain] DEBUG org.hibernate.SQL - 
    select
        r1_0.user_id,
        r1_1.id,
        r1_1.name,
        p1_0.role_id,
        p1_1.id,
        p1_1.created_at,
        p1_1.description,
        p1_1.name 
    from
        user_roles r1_0 
    join
        roles r1_1 
            on r1_1.id=r1_0.role_id 
    left join
        (role_permissions p1_0 
    join
        permissions p1_1 
            on p1_1.id=p1_0.permission_id) 
        on r1_1.id=p1_0.role_id 
    where
        r1_0.user_id=?
2026-07-31 09:56:27.105 [restartedMain] DEBUG org.hibernate.SQL - 
    select
        p1_0.role_id,
        p1_1.id,
        p1_1.created_at,
        p1_1.description,
        p1_1.name 
    from
        role_permissions p1_0 
    join
        permissions p1_1 
            on p1_1.id=p1_0.permission_id 
    where
        p1_0.role_id=?
2026-07-31 09:56:27.113 [restartedMain] INFO  o.s.b.d.a.ConditionEvaluationDeltaLoggingListener - Condition evaluation unchanged
2026-07-31 09:59:08.475 [File Watcher] INFO  o.s.b.d.a.LocalDevToolsAutoConfiguration$RestartingClassPathChangeChangedEventListener - Restarting due to 1 class path change (0 additions, 0 deletions, 1 modification)
2026-07-31 09:59:08.483 [Thread-23] INFO  o.s.o.j.LocalContainerEntityManagerFactoryBean - Closing JPA EntityManagerFactory for persistence unit 'default'
2026-07-31 09:59:08.483 [Thread-23] INFO  com.zaxxer.hikari.HikariDataSource - HikariPool-6 - Shutdown initiated...
2026-07-31 09:59:08.483 [Thread-23] INFO  com.zaxxer.hikari.HikariDataSource - HikariPool-6 - Shutdown completed.
2026-07-31 09:59:08.599 [restartedMain] INFO  c.e.a.AuthSystemApplication - Starting AuthSystemApplication using Java 21.0.11 with PID 9776 (C:\Users\hp\Desktop\Ei Khaing Soe\auth-system\auth-system\target\classes started by hp in C:\Users\hp\Desktop\Ei Khaing Soe\auth-system\auth-system)
2026-07-31 09:59:08.599 [restartedMain] DEBUG c.e.a.AuthSystemApplication - Running with Spring Boot v3.2.0, Spring v6.1.1
2026-07-31 09:59:08.599 [restartedMain] INFO  c.e.a.AuthSystemApplication - No active profile set, falling back to 1 default profile: "default"
2026-07-31 09:59:08.894 [restartedMain] INFO  o.s.d.r.c.RepositoryConfigurationDelegate - Bootstrapping Spring Data JPA repositories in DEFAULT mode.
2026-07-31 09:59:09.035 [restartedMain] INFO  o.s.d.r.c.RepositoryConfigurationDelegate - Finished Spring Data repository scanning in 138 ms. Found 36 JPA repository interfaces.
2026-07-31 09:59:09.210 [restartedMain] INFO  o.s.b.w.e.tomcat.TomcatWebServer - Tomcat initialized with port 8080 (http)
2026-07-31 09:59:09.211 [restartedMain] INFO  o.a.catalina.core.StandardService - Starting service [Tomcat]
2026-07-31 09:59:09.211 [restartedMain] INFO  o.a.catalina.core.StandardEngine - Starting Servlet engine: [Apache Tomcat/10.1.16]
2026-07-31 09:59:09.241 [restartedMain] INFO  o.a.c.c.C.[Tomcat].[localhost].[/] - Initializing Spring embedded WebApplicationContext
2026-07-31 09:59:09.241 [restartedMain] INFO  o.s.b.w.s.c.ServletWebServerApplicationContext - Root WebApplicationContext: initialization completed in 635 ms
2026-07-31 09:59:09.310 [restartedMain] INFO  com.zaxxer.hikari.HikariDataSource - HikariPool-7 - Starting...
2026-07-31 09:59:09.356 [restartedMain] INFO  com.zaxxer.hikari.pool.HikariPool - HikariPool-7 - Added connection org.postgresql.jdbc.PgConnection@4f01d701
2026-07-31 09:59:09.357 [restartedMain] INFO  com.zaxxer.hikari.HikariDataSource - HikariPool-7 - Start completed.
2026-07-31 09:59:09.372 [restartedMain] INFO  org.flywaydb.core.FlywayExecutor - Database: jdbc:postgresql://localhost:5432/auth-db (PostgreSQL 18.4)
2026-07-31 09:59:09.390 [restartedMain] WARN  o.f.c.i.database.base.Database - Flyway upgrade recommended: PostgreSQL 18.4 is newer than this version of Flyway and support has not been tested. The latest supported version of PostgreSQL is 15.
2026-07-31 09:59:09.463 [restartedMain] INFO  o.f.core.internal.command.DbMigrate - Current version of schema "public": 32
2026-07-31 09:59:09.464 [restartedMain] WARN  o.f.core.internal.command.DbMigrate - outOfOrder mode is active. Migration of schema "public" may not be reproducible.
2026-07-31 09:59:09.464 [restartedMain] INFO  o.f.core.internal.command.DbMigrate - Schema "public" is up to date. No migration necessary.
2026-07-31 09:59:09.522 [restartedMain] INFO  o.h.jpa.internal.util.LogHelper - HHH000204: Processing PersistenceUnitInfo [name: default]
2026-07-31 09:59:09.522 [restartedMain] INFO  o.h.c.i.RegionFactoryInitiator - HHH000026: Second-level cache disabled
2026-07-31 09:59:09.538 [restartedMain] INFO  o.s.o.j.p.SpringPersistenceUnitInfo - No LoadTimeWeaver setup: ignoring JPA class transformer
2026-07-31 09:59:09.976 [restartedMain] INFO  o.h.e.t.j.p.i.JtaPlatformInitiator - HHH000489: No JTA platform available (set 'hibernate.transaction.jta.platform' to enable JTA platform integration)
2026-07-31 09:59:09.976 [restartedMain] INFO  o.s.o.j.LocalContainerEntityManagerFactoryBean - Initialized JPA EntityManagerFactory for persistence unit 'default'
2026-07-31 09:59:10.067 [restartedMain] DEBUG c.e.a.a.s.JwtAuthenticationFilter - Filter 'jwtAuthenticationFilter' configured for use
2026-07-31 09:59:11.636 [restartedMain] WARN  o.s.b.a.o.j.JpaBaseConfiguration$JpaWebConfiguration - spring.jpa.open-in-view is enabled by default. Therefore, database queries may be performed during view rendering. Explicitly configure spring.jpa.open-in-view to disable this warning
2026-07-31 09:59:11.779 [restartedMain] INFO  o.s.s.web.DefaultSecurityFilterChain - Will secure any request with [org.springframework.security.web.session.DisableEncodeUrlFilter@1e4c1442, org.springframework.security.web.context.request.async.WebAsyncManagerIntegrationFilter@61bf395c, org.springframework.security.web.context.SecurityContextHolderFilter@74d5829b, org.springframework.security.web.header.HeaderWriterFilter@36e6d742, org.springframework.security.web.authentication.logout.LogoutFilter@6e86edff, com.example.auth_system.auth.security.JwtAuthenticationFilter@5f6416d7, org.springframework.security.web.savedrequest.RequestCacheAwareFilter@4b644a90, org.springframework.security.web.servletapi.SecurityContextHolderAwareRequestFilter@4b38d879, org.springframework.security.web.authentication.AnonymousAuthenticationFilter@24dcda45, org.springframework.security.web.session.SessionManagementFilter@4c063b88, org.springframework.security.web.access.ExceptionTranslationFilter@7b8880d9, org.springframework.security.web.access.intercept.AuthorizationFilter@477cf047]
2026-07-31 09:59:12.080 [restartedMain] INFO  o.s.b.d.a.OptionalLiveReloadServer - LiveReload server is running on port 35729
2026-07-31 09:59:12.094 [restartedMain] INFO  o.s.b.w.e.tomcat.TomcatWebServer - Tomcat started on port 8080 (http) with context path ''
2026-07-31 09:59:12.104 [restartedMain] INFO  c.e.a.AuthSystemApplication - Started AuthSystemApplication in 3.537 seconds (process running for 1534.247)
2026-07-31 09:59:12.144 [restartedMain] DEBUG org.hibernate.SQL - 
    select
        u1_0.id,
        u1_0.created_at,
        u1_0.email,
        u1_0.email_verified,
        u1_0.enabled,
        u1_0.first_name,
        u1_0.last_login_at,
        u1_0.last_name,
        u1_0.password,
        u1_0.store_id,
        u1_0.updated_at,
        u1_0.username 
    from
        users u1_0 
    where
        u1_0.email=?
2026-07-31 09:59:12.144 [restartedMain] DEBUG org.hibernate.SQL - 
    select
        r1_0.user_id,
        r1_1.id,
        r1_1.name,
        p1_0.role_id,
        p1_1.id,
        p1_1.created_at,
        p1_1.description,
        p1_1.name 
    from
        user_roles r1_0 
    join
        roles r1_1 
            on r1_1.id=r1_0.role_id 
    left join
        (role_permissions p1_0 
    join
        permissions p1_1 
            on p1_1.id=p1_0.permission_id) 
        on r1_1.id=p1_0.role_id 
    where
        r1_0.user_id=?
2026-07-31 09:59:12.156 [restartedMain] DEBUG org.hibernate.SQL - 
    select
        p1_0.role_id,
        p1_1.id,
        p1_1.created_at,
        p1_1.description,
        p1_1.name 
    from
        role_permissions p1_0 
    join
        permissions p1_1 
            on p1_1.id=p1_0.permission_id 
    where
        p1_0.role_id=?
2026-07-31 09:59:12.157 [restartedMain] INFO  o.s.b.d.a.ConditionEvaluationDeltaLoggingListener - Condition evaluation unchanged
2026-07-31 10:01:22.641 [File Watcher] INFO  o.s.b.d.a.LocalDevToolsAutoConfiguration$RestartingClassPathChangeChangedEventListener - Restarting due to 1 class path change (0 additions, 0 deletions, 1 modification)
2026-07-31 10:01:22.673 [Thread-27] INFO  o.s.o.j.LocalContainerEntityManagerFactoryBean - Closing JPA EntityManagerFactory for persistence unit 'default'
2026-07-31 10:01:22.673 [Thread-27] INFO  com.zaxxer.hikari.HikariDataSource - HikariPool-7 - Shutdown initiated...
2026-07-31 10:01:22.680 [Thread-27] INFO  com.zaxxer.hikari.HikariDataSource - HikariPool-7 - Shutdown completed.
2026-07-31 10:01:22.781 [restartedMain] INFO  c.e.a.AuthSystemApplication - Starting AuthSystemApplication using Java 21.0.11 with PID 9776 (C:\Users\hp\Desktop\Ei Khaing Soe\auth-system\auth-system\target\classes started by hp in C:\Users\hp\Desktop\Ei Khaing Soe\auth-system\auth-system)
2026-07-31 10:01:22.781 [restartedMain] DEBUG c.e.a.AuthSystemApplication - Running with Spring Boot v3.2.0, Spring v6.1.1
2026-07-31 10:01:22.781 [restartedMain] INFO  c.e.a.AuthSystemApplication - No active profile set, falling back to 1 default profile: "default"
2026-07-31 10:01:23.196 [restartedMain] INFO  o.s.d.r.c.RepositoryConfigurationDelegate - Bootstrapping Spring Data JPA repositories in DEFAULT mode.
2026-07-31 10:01:23.331 [restartedMain] INFO  o.s.d.r.c.RepositoryConfigurationDelegate - Finished Spring Data repository scanning in 134 ms. Found 36 JPA repository interfaces.
2026-07-31 10:01:23.472 [restartedMain] INFO  o.s.b.w.e.tomcat.TomcatWebServer - Tomcat initialized with port 8080 (http)
2026-07-31 10:01:23.473 [restartedMain] INFO  o.a.catalina.core.StandardService - Starting service [Tomcat]
2026-07-31 10:01:23.474 [restartedMain] INFO  o.a.catalina.core.StandardEngine - Starting Servlet engine: [Apache Tomcat/10.1.16]
2026-07-31 10:01:23.483 [restartedMain] INFO  o.a.c.c.C.[Tomcat].[localhost].[/] - Initializing Spring embedded WebApplicationContext
2026-07-31 10:01:23.483 [restartedMain] INFO  o.s.b.w.s.c.ServletWebServerApplicationContext - Root WebApplicationContext: initialization completed in 686 ms
2026-07-31 10:01:23.535 [restartedMain] INFO  com.zaxxer.hikari.HikariDataSource - HikariPool-8 - Starting...
2026-07-31 10:01:23.582 [restartedMain] INFO  com.zaxxer.hikari.pool.HikariPool - HikariPool-8 - Added connection org.postgresql.jdbc.PgConnection@4f0fdd18
2026-07-31 10:01:23.582 [restartedMain] INFO  com.zaxxer.hikari.HikariDataSource - HikariPool-8 - Start completed.
2026-07-31 10:01:23.597 [restartedMain] INFO  org.flywaydb.core.FlywayExecutor - Database: jdbc:postgresql://localhost:5432/auth-db (PostgreSQL 18.4)
2026-07-31 10:01:23.599 [restartedMain] WARN  o.f.c.i.database.base.Database - Flyway upgrade recommended: PostgreSQL 18.4 is newer than this version of Flyway and support has not been tested. The latest supported version of PostgreSQL is 15.
2026-07-31 10:01:23.657 [restartedMain] INFO  o.f.core.internal.command.DbMigrate - Current version of schema "public": 32
2026-07-31 10:01:23.657 [restartedMain] WARN  o.f.core.internal.command.DbMigrate - outOfOrder mode is active. Migration of schema "public" may not be reproducible.
2026-07-31 10:01:23.662 [restartedMain] INFO  o.f.core.internal.command.DbMigrate - Schema "public" is up to date. No migration necessary.
2026-07-31 10:01:23.714 [restartedMain] INFO  o.h.jpa.internal.util.LogHelper - HHH000204: Processing PersistenceUnitInfo [name: default]
2026-07-31 10:01:23.718 [restartedMain] INFO  o.h.c.i.RegionFactoryInitiator - HHH000026: Second-level cache disabled
2026-07-31 10:01:23.734 [restartedMain] INFO  o.s.o.j.p.SpringPersistenceUnitInfo - No LoadTimeWeaver setup: ignoring JPA class transformer
2026-07-31 10:01:24.224 [restartedMain] INFO  o.h.e.t.j.p.i.JtaPlatformInitiator - HHH000489: No JTA platform available (set 'hibernate.transaction.jta.platform' to enable JTA platform integration)
2026-07-31 10:01:24.224 [restartedMain] INFO  o.s.o.j.LocalContainerEntityManagerFactoryBean - Initialized JPA EntityManagerFactory for persistence unit 'default'
2026-07-31 10:01:24.371 [restartedMain] DEBUG c.e.a.a.s.JwtAuthenticationFilter - Filter 'jwtAuthenticationFilter' configured for use
2026-07-31 10:01:26.292 [restartedMain] WARN  o.s.b.a.o.j.JpaBaseConfiguration$JpaWebConfiguration - spring.jpa.open-in-view is enabled by default. Therefore, database queries may be performed during view rendering. Explicitly configure spring.jpa.open-in-view to disable this warning
2026-07-31 10:01:26.383 [restartedMain] INFO  o.s.s.web.DefaultSecurityFilterChain - Will secure any request with [org.springframework.security.web.session.DisableEncodeUrlFilter@7b44b883, org.springframework.security.web.context.request.async.WebAsyncManagerIntegrationFilter@f9dc9f6, org.springframework.security.web.context.SecurityContextHolderFilter@6259acc, org.springframework.security.web.header.HeaderWriterFilter@60d7ded5, org.springframework.security.web.authentication.logout.LogoutFilter@49b7b35e, com.example.auth_system.auth.security.JwtAuthenticationFilter@6fbacbf4, org.springframework.security.web.savedrequest.RequestCacheAwareFilter@5d969d9a, org.springframework.security.web.servletapi.SecurityContextHolderAwareRequestFilter@3e9c18b, org.springframework.security.web.authentication.AnonymousAuthenticationFilter@b50f4cf, org.springframework.security.web.session.SessionManagementFilter@44a48863, org.springframework.security.web.access.ExceptionTranslationFilter@43d3077d, org.springframework.security.web.access.intercept.AuthorizationFilter@6d8ce5a9]
2026-07-31 10:01:26.683 [restartedMain] INFO  o.s.b.d.a.OptionalLiveReloadServer - LiveReload server is running on port 35729
2026-07-31 10:01:26.735 [restartedMain] INFO  o.s.b.w.e.tomcat.TomcatWebServer - Tomcat started on port 8080 (http) with context path ''
2026-07-31 10:01:26.739 [restartedMain] INFO  c.e.a.AuthSystemApplication - Started AuthSystemApplication in 3.987 seconds (process running for 1668.855)
2026-07-31 10:01:26.766 [restartedMain] DEBUG org.hibernate.SQL - 
    select
        u1_0.id,
        u1_0.created_at,
        u1_0.email,
        u1_0.email_verified,
        u1_0.enabled,
        u1_0.first_name,
        u1_0.last_login_at,
        u1_0.last_name,
        u1_0.password,
        u1_0.store_id,
        u1_0.updated_at,
        u1_0.username 
    from
        users u1_0 
    where
        u1_0.email=?
2026-07-31 10:01:26.769 [restartedMain] DEBUG org.hibernate.SQL - 
    select
        r1_0.user_id,
        r1_1.id,
        r1_1.name,
        p1_0.role_id,
        p1_1.id,
        p1_1.created_at,
        p1_1.description,
        p1_1.name 
    from
        user_roles r1_0 
    join
        roles r1_1 
            on r1_1.id=r1_0.role_id 
    left join
        (role_permissions p1_0 
    join
        permissions p1_1 
            on p1_1.id=p1_0.permission_id) 
        on r1_1.id=p1_0.role_id 
    where
        r1_0.user_id=?
2026-07-31 10:01:26.775 [restartedMain] DEBUG org.hibernate.SQL - 
    select
        p1_0.role_id,
        p1_1.id,
        p1_1.created_at,
        p1_1.description,
        p1_1.name 
    from
        role_permissions p1_0 
    join
        permissions p1_1 
            on p1_1.id=p1_0.permission_id 
    where
        p1_0.role_id=?
2026-07-31 10:01:26.777 [restartedMain] INFO  o.s.b.d.a.ConditionEvaluationDeltaLoggingListener - Condition evaluation unchanged
2026-07-31 10:03:30.503 [File Watcher] INFO  o.s.b.d.a.LocalDevToolsAutoConfiguration$RestartingClassPathChangeChangedEventListener - Restarting due to 3 class path changes (0 additions, 0 deletions, 3 modifications)
2026-07-31 10:03:30.508 [Thread-31] INFO  o.s.o.j.LocalContainerEntityManagerFactoryBean - Closing JPA EntityManagerFactory for persistence unit 'default'
2026-07-31 10:03:30.509 [Thread-31] INFO  com.zaxxer.hikari.HikariDataSource - HikariPool-8 - Shutdown initiated...
2026-07-31 10:03:30.510 [Thread-31] INFO  com.zaxxer.hikari.HikariDataSource - HikariPool-8 - Shutdown completed.
2026-07-31 10:03:30.617 [restartedMain] INFO  c.e.a.AuthSystemApplication - Starting AuthSystemApplication using Java 21.0.11 with PID 9776 (C:\Users\hp\Desktop\Ei Khaing Soe\auth-system\auth-system\target\classes started by hp in C:\Users\hp\Desktop\Ei Khaing Soe\auth-system\auth-system)
2026-07-31 10:03:30.617 [restartedMain] DEBUG c.e.a.AuthSystemApplication - Running with Spring Boot v3.2.0, Spring v6.1.1
2026-07-31 10:03:30.617 [restartedMain] INFO  c.e.a.AuthSystemApplication - No active profile set, falling back to 1 default profile: "default"
2026-07-31 10:03:30.966 [restartedMain] INFO  o.s.d.r.c.RepositoryConfigurationDelegate - Bootstrapping Spring Data JPA repositories in DEFAULT mode.
2026-07-31 10:03:31.123 [restartedMain] INFO  o.s.d.r.c.RepositoryConfigurationDelegate - Finished Spring Data repository scanning in 149 ms. Found 36 JPA repository interfaces.
2026-07-31 10:03:31.300 [restartedMain] INFO  o.s.b.w.e.tomcat.TomcatWebServer - Tomcat initialized with port 8080 (http)
2026-07-31 10:03:31.300 [restartedMain] INFO  o.a.catalina.core.StandardService - Starting service [Tomcat]
2026-07-31 10:03:31.300 [restartedMain] INFO  o.a.catalina.core.StandardEngine - Starting Servlet engine: [Apache Tomcat/10.1.16]
2026-07-31 10:03:31.316 [restartedMain] INFO  o.a.c.c.C.[Tomcat].[localhost].[/] - Initializing Spring embedded WebApplicationContext
2026-07-31 10:03:31.316 [restartedMain] INFO  o.s.b.w.s.c.ServletWebServerApplicationContext - Root WebApplicationContext: initialization completed in 683 ms
2026-07-31 10:03:31.367 [restartedMain] INFO  com.zaxxer.hikari.HikariDataSource - HikariPool-9 - Starting...
2026-07-31 10:03:31.416 [restartedMain] INFO  com.zaxxer.hikari.pool.HikariPool - HikariPool-9 - Added connection org.postgresql.jdbc.PgConnection@7f80427
2026-07-31 10:03:31.416 [restartedMain] INFO  com.zaxxer.hikari.HikariDataSource - HikariPool-9 - Start completed.
2026-07-31 10:03:31.432 [restartedMain] INFO  org.flywaydb.core.FlywayExecutor - Database: jdbc:postgresql://localhost:5432/auth-db (PostgreSQL 18.4)
2026-07-31 10:03:31.435 [restartedMain] WARN  o.f.c.i.database.base.Database - Flyway upgrade recommended: PostgreSQL 18.4 is newer than this version of Flyway and support has not been tested. The latest supported version of PostgreSQL is 15.
2026-07-31 10:03:31.499 [restartedMain] INFO  o.f.core.internal.command.DbMigrate - Current version of schema "public": 32
2026-07-31 10:03:31.499 [restartedMain] WARN  o.f.core.internal.command.DbMigrate - outOfOrder mode is active. Migration of schema "public" may not be reproducible.
2026-07-31 10:03:31.499 [restartedMain] INFO  o.f.core.internal.command.DbMigrate - Schema "public" is up to date. No migration necessary.
2026-07-31 10:03:31.550 [restartedMain] INFO  o.h.jpa.internal.util.LogHelper - HHH000204: Processing PersistenceUnitInfo [name: default]
2026-07-31 10:03:31.550 [restartedMain] INFO  o.h.c.i.RegionFactoryInitiator - HHH000026: Second-level cache disabled
2026-07-31 10:03:31.568 [restartedMain] INFO  o.s.o.j.p.SpringPersistenceUnitInfo - No LoadTimeWeaver setup: ignoring JPA class transformer
2026-07-31 10:03:32.029 [restartedMain] INFO  o.h.e.t.j.p.i.JtaPlatformInitiator - HHH000489: No JTA platform available (set 'hibernate.transaction.jta.platform' to enable JTA platform integration)
2026-07-31 10:03:32.029 [restartedMain] INFO  o.s.o.j.LocalContainerEntityManagerFactoryBean - Initialized JPA EntityManagerFactory for persistence unit 'default'
2026-07-31 10:03:32.122 [restartedMain] DEBUG c.e.a.a.s.JwtAuthenticationFilter - Filter 'jwtAuthenticationFilter' configured for use
2026-07-31 10:03:33.658 [restartedMain] WARN  o.s.b.a.o.j.JpaBaseConfiguration$JpaWebConfiguration - spring.jpa.open-in-view is enabled by default. Therefore, database queries may be performed during view rendering. Explicitly configure spring.jpa.open-in-view to disable this warning
2026-07-31 10:03:33.746 [restartedMain] INFO  o.s.s.web.DefaultSecurityFilterChain - Will secure any request with [org.springframework.security.web.session.DisableEncodeUrlFilter@3e9d0706, org.springframework.security.web.context.request.async.WebAsyncManagerIntegrationFilter@75fbde60, org.springframework.security.web.context.SecurityContextHolderFilter@1eef0c05, org.springframework.security.web.header.HeaderWriterFilter@5530438f, org.springframework.security.web.authentication.logout.LogoutFilter@51b343c6, com.example.auth_system.auth.security.JwtAuthenticationFilter@36053b7b, org.springframework.security.web.savedrequest.RequestCacheAwareFilter@2dafbce2, org.springframework.security.web.servletapi.SecurityContextHolderAwareRequestFilter@7a54aee3, org.springframework.security.web.authentication.AnonymousAuthenticationFilter@29615b3c, org.springframework.security.web.session.SessionManagementFilter@5fe24439, org.springframework.security.web.access.ExceptionTranslationFilter@33f0006a, org.springframework.security.web.access.intercept.AuthorizationFilter@5ed738de]
2026-07-31 10:03:34.015 [restartedMain] INFO  o.s.b.d.a.OptionalLiveReloadServer - LiveReload server is running on port 35729
2026-07-31 10:03:34.032 [restartedMain] INFO  o.s.b.w.e.tomcat.TomcatWebServer - Tomcat started on port 8080 (http) with context path ''
2026-07-31 10:03:34.040 [restartedMain] INFO  c.e.a.AuthSystemApplication - Started AuthSystemApplication in 3.442 seconds (process running for 1796.137)
2026-07-31 10:03:34.062 [restartedMain] DEBUG org.hibernate.SQL - 
    select
        u1_0.id,
        u1_0.created_at,
        u1_0.email,
        u1_0.email_verified,
        u1_0.enabled,
        u1_0.first_name,
        u1_0.last_login_at,
        u1_0.last_name,
        u1_0.password,
        u1_0.store_id,
        u1_0.updated_at,
        u1_0.username 
    from
        users u1_0 
    where
        u1_0.email=?
2026-07-31 10:03:34.064 [restartedMain] DEBUG org.hibernate.SQL - 
    select
        r1_0.user_id,
        r1_1.id,
        r1_1.name,
        p1_0.role_id,
        p1_1.id,
        p1_1.created_at,
        p1_1.description,
        p1_1.name 
    from
        user_roles r1_0 
    join
        roles r1_1 
            on r1_1.id=r1_0.role_id 
    left join
        (role_permissions p1_0 
    join
        permissions p1_1 
            on p1_1.id=p1_0.permission_id) 
        on r1_1.id=p1_0.role_id 
    where
        r1_0.user_id=?
2026-07-31 10:03:34.067 [restartedMain] DEBUG org.hibernate.SQL - 
    select
        p1_0.role_id,
        p1_1.id,
        p1_1.created_at,
        p1_1.description,
        p1_1.name 
    from
        role_permissions p1_0 
    join
        permissions p1_1 
            on p1_1.id=p1_0.permission_id 
    where
        p1_0.role_id=?
2026-07-31 10:03:34.071 [restartedMain] INFO  o.s.b.d.a.ConditionEvaluationDeltaLoggingListener - Condition evaluation unchanged
2026-07-31 10:03:38.938 [File Watcher] INFO  o.s.b.d.a.LocalDevToolsAutoConfiguration$RestartingClassPathChangeChangedEventListener - Restarting due to 1 class path change (0 additions, 0 deletions, 1 modification)
2026-07-31 10:03:38.948 [Thread-35] INFO  o.s.o.j.LocalContainerEntityManagerFactoryBean - Closing JPA EntityManagerFactory for persistence unit 'default'
2026-07-31 10:03:38.948 [Thread-35] INFO  com.zaxxer.hikari.HikariDataSource - HikariPool-9 - Shutdown initiated...
2026-07-31 10:03:38.949 [Thread-35] INFO  com.zaxxer.hikari.HikariDataSource - HikariPool-9 - Shutdown completed.
2026-07-31 10:03:39.063 [restartedMain] INFO  c.e.a.AuthSystemApplication - Starting AuthSystemApplication using Java 21.0.11 with PID 9776 (C:\Users\hp\Desktop\Ei Khaing Soe\auth-system\auth-system\target\classes started by hp in C:\Users\hp\Desktop\Ei Khaing Soe\auth-system\auth-system)
2026-07-31 10:03:39.064 [restartedMain] DEBUG c.e.a.AuthSystemApplication - Running with Spring Boot v3.2.0, Spring v6.1.1
2026-07-31 10:03:39.064 [restartedMain] INFO  c.e.a.AuthSystemApplication - No active profile set, falling back to 1 default profile: "default"
2026-07-31 10:03:39.399 [restartedMain] INFO  o.s.d.r.c.RepositoryConfigurationDelegate - Bootstrapping Spring Data JPA repositories in DEFAULT mode.
2026-07-31 10:03:39.499 [restartedMain] INFO  o.s.d.r.c.RepositoryConfigurationDelegate - Finished Spring Data repository scanning in 99 ms. Found 36 JPA repository interfaces.
2026-07-31 10:03:39.642 [restartedMain] INFO  o.s.b.w.e.tomcat.TomcatWebServer - Tomcat initialized with port 8080 (http)
2026-07-31 10:03:39.642 [restartedMain] INFO  o.a.catalina.core.StandardService - Starting service [Tomcat]
2026-07-31 10:03:39.642 [restartedMain] INFO  o.a.catalina.core.StandardEngine - Starting Servlet engine: [Apache Tomcat/10.1.16]
2026-07-31 10:03:39.659 [restartedMain] INFO  o.a.c.c.C.[Tomcat].[localhost].[/] - Initializing Spring embedded WebApplicationContext
2026-07-31 10:03:39.659 [restartedMain] INFO  o.s.b.w.s.c.ServletWebServerApplicationContext - Root WebApplicationContext: initialization completed in 593 ms
2026-07-31 10:03:39.696 [restartedMain] INFO  com.zaxxer.hikari.HikariDataSource - HikariPool-10 - Starting...
2026-07-31 10:03:39.738 [restartedMain] INFO  com.zaxxer.hikari.pool.HikariPool - HikariPool-10 - Added connection org.postgresql.jdbc.PgConnection@608d2351
2026-07-31 10:03:39.740 [restartedMain] INFO  com.zaxxer.hikari.HikariDataSource - HikariPool-10 - Start completed.
2026-07-31 10:03:39.744 [restartedMain] INFO  org.flywaydb.core.FlywayExecutor - Database: jdbc:postgresql://localhost:5432/auth-db (PostgreSQL 18.4)
2026-07-31 10:03:39.750 [restartedMain] WARN  o.f.c.i.database.base.Database - Flyway upgrade recommended: PostgreSQL 18.4 is newer than this version of Flyway and support has not been tested. The latest supported version of PostgreSQL is 15.
2026-07-31 10:03:39.802 [restartedMain] INFO  o.f.core.internal.command.DbMigrate - Current version of schema "public": 32
2026-07-31 10:03:39.802 [restartedMain] WARN  o.f.core.internal.command.DbMigrate - outOfOrder mode is active. Migration of schema "public" may not be reproducible.
2026-07-31 10:03:39.802 [restartedMain] INFO  o.f.core.internal.command.DbMigrate - Schema "public" is up to date. No migration necessary.
2026-07-31 10:03:39.854 [restartedMain] INFO  o.h.jpa.internal.util.LogHelper - HHH000204: Processing PersistenceUnitInfo [name: default]
2026-07-31 10:03:39.854 [restartedMain] INFO  o.h.c.i.RegionFactoryInitiator - HHH000026: Second-level cache disabled
2026-07-31 10:03:39.870 [restartedMain] INFO  o.s.o.j.p.SpringPersistenceUnitInfo - No LoadTimeWeaver setup: ignoring JPA class transformer
2026-07-31 10:03:40.371 [restartedMain] INFO  o.h.e.t.j.p.i.JtaPlatformInitiator - HHH000489: No JTA platform available (set 'hibernate.transaction.jta.platform' to enable JTA platform integration)
2026-07-31 10:03:40.371 [restartedMain] INFO  o.s.o.j.LocalContainerEntityManagerFactoryBean - Initialized JPA EntityManagerFactory for persistence unit 'default'
2026-07-31 10:03:40.486 [restartedMain] DEBUG c.e.a.a.s.JwtAuthenticationFilter - Filter 'jwtAuthenticationFilter' configured for use
2026-07-31 10:03:42.069 [restartedMain] WARN  o.s.b.a.o.j.JpaBaseConfiguration$JpaWebConfiguration - spring.jpa.open-in-view is enabled by default. Therefore, database queries may be performed during view rendering. Explicitly configure spring.jpa.open-in-view to disable this warning
2026-07-31 10:03:42.179 [restartedMain] INFO  o.s.s.web.DefaultSecurityFilterChain - Will secure any request with [org.springframework.security.web.session.DisableEncodeUrlFilter@6310cd37, org.springframework.security.web.context.request.async.WebAsyncManagerIntegrationFilter@387d0466, org.springframework.security.web.context.SecurityContextHolderFilter@422fe9a, org.springframework.security.web.header.HeaderWriterFilter@4f4d4573, org.springframework.security.web.authentication.logout.LogoutFilter@3cace350, com.example.auth_system.auth.security.JwtAuthenticationFilter@e42f578, org.springframework.security.web.savedrequest.RequestCacheAwareFilter@64d08096, org.springframework.security.web.servletapi.SecurityContextHolderAwareRequestFilter@419337a2, org.springframework.security.web.authentication.AnonymousAuthenticationFilter@24fa1002, org.springframework.security.web.session.SessionManagementFilter@20b9d5bc, org.springframework.security.web.access.ExceptionTranslationFilter@4ef5dcf4, org.springframework.security.web.access.intercept.AuthorizationFilter@46e1275]
2026-07-31 10:03:42.474 [restartedMain] INFO  o.s.b.d.a.OptionalLiveReloadServer - LiveReload server is running on port 35729
2026-07-31 10:03:42.489 [restartedMain] INFO  o.s.b.w.e.tomcat.TomcatWebServer - Tomcat started on port 8080 (http) with context path ''
2026-07-31 10:03:42.494 [restartedMain] INFO  c.e.a.AuthSystemApplication - Started AuthSystemApplication in 3.459 seconds (process running for 1804.591)
2026-07-31 10:03:42.520 [restartedMain] DEBUG org.hibernate.SQL - 
    select
        u1_0.id,
        u1_0.created_at,
        u1_0.email,
        u1_0.email_verified,
        u1_0.enabled,
        u1_0.first_name,
        u1_0.last_login_at,
        u1_0.last_name,
        u1_0.password,
        u1_0.store_id,
        u1_0.updated_at,
        u1_0.username 
    from
        users u1_0 
    where
        u1_0.email=?
2026-07-31 10:03:42.522 [restartedMain] DEBUG org.hibernate.SQL - 
    select
        r1_0.user_id,
        r1_1.id,
        r1_1.name,
        p1_0.role_id,
        p1_1.id,
        p1_1.created_at,
        p1_1.description,
        p1_1.name 
    from
        user_roles r1_0 
    join
        roles r1_1 
            on r1_1.id=r1_0.role_id 
    left join
        (role_permissions p1_0 
    join
        permissions p1_1 
            on p1_1.id=p1_0.permission_id) 
        on r1_1.id=p1_0.role_id 
    where
        r1_0.user_id=?
2026-07-31 10:03:42.522 [restartedMain] DEBUG org.hibernate.SQL - 
    select
        p1_0.role_id,
        p1_1.id,
        p1_1.created_at,
        p1_1.description,
        p1_1.name 
    from
        role_permissions p1_0 
    join
        permissions p1_1 
            on p1_1.id=p1_0.permission_id 
    where
        p1_0.role_id=?
2026-07-31 10:03:42.522 [restartedMain] INFO  o.s.b.d.a.ConditionEvaluationDeltaLoggingListener - Condition evaluation unchanged
2026-07-31 10:04:17.542 [File Watcher] INFO  o.s.b.d.a.LocalDevToolsAutoConfiguration$RestartingClassPathChangeChangedEventListener - Restarting due to 1 class path change (0 additions, 0 deletions, 1 modification)
2026-07-31 10:04:17.557 [Thread-39] INFO  o.s.o.j.LocalContainerEntityManagerFactoryBean - Closing JPA EntityManagerFactory for persistence unit 'default'
2026-07-31 10:04:17.558 [Thread-39] INFO  com.zaxxer.hikari.HikariDataSource - HikariPool-10 - Shutdown initiated...
2026-07-31 10:04:17.558 [Thread-39] INFO  com.zaxxer.hikari.HikariDataSource - HikariPool-10 - Shutdown completed.
2026-07-31 10:04:17.673 [restartedMain] INFO  c.e.a.AuthSystemApplication - Starting AuthSystemApplication using Java 21.0.11 with PID 9776 (C:\Users\hp\Desktop\Ei Khaing Soe\auth-system\auth-system\target\classes started by hp in C:\Users\hp\Desktop\Ei Khaing Soe\auth-system\auth-system)
2026-07-31 10:04:17.673 [restartedMain] DEBUG c.e.a.AuthSystemApplication - Running with Spring Boot v3.2.0, Spring v6.1.1
2026-07-31 10:04:17.673 [restartedMain] INFO  c.e.a.AuthSystemApplication - No active profile set, falling back to 1 default profile: "default"
2026-07-31 10:04:18.007 [restartedMain] INFO  o.s.d.r.c.RepositoryConfigurationDelegate - Bootstrapping Spring Data JPA repositories in DEFAULT mode.
2026-07-31 10:04:18.175 [restartedMain] INFO  o.s.d.r.c.RepositoryConfigurationDelegate - Finished Spring Data repository scanning in 152 ms. Found 36 JPA repository interfaces.
2026-07-31 10:04:18.344 [restartedMain] INFO  o.s.b.w.e.tomcat.TomcatWebServer - Tomcat initialized with port 8080 (http)
2026-07-31 10:04:18.345 [restartedMain] INFO  o.a.catalina.core.StandardService - Starting service [Tomcat]
2026-07-31 10:04:18.345 [restartedMain] INFO  o.a.catalina.core.StandardEngine - Starting Servlet engine: [Apache Tomcat/10.1.16]
2026-07-31 10:04:18.357 [restartedMain] INFO  o.a.c.c.C.[Tomcat].[localhost].[/] - Initializing Spring embedded WebApplicationContext
2026-07-31 10:04:18.357 [restartedMain] INFO  o.s.b.w.s.c.ServletWebServerApplicationContext - Root WebApplicationContext: initialization completed in 680 ms
2026-07-31 10:04:18.408 [restartedMain] INFO  com.zaxxer.hikari.HikariDataSource - HikariPool-11 - Starting...
2026-07-31 10:04:18.459 [restartedMain] INFO  com.zaxxer.hikari.pool.HikariPool - HikariPool-11 - Added connection org.postgresql.jdbc.PgConnection@842df17
2026-07-31 10:04:18.459 [restartedMain] INFO  com.zaxxer.hikari.HikariDataSource - HikariPool-11 - Start completed.
2026-07-31 10:04:18.478 [restartedMain] INFO  org.flywaydb.core.FlywayExecutor - Database: jdbc:postgresql://localhost:5432/auth-db (PostgreSQL 18.4)
2026-07-31 10:04:18.478 [restartedMain] WARN  o.f.c.i.database.base.Database - Flyway upgrade recommended: PostgreSQL 18.4 is newer than this version of Flyway and support has not been tested. The latest supported version of PostgreSQL is 15.
2026-07-31 10:04:18.544 [restartedMain] INFO  o.f.core.internal.command.DbMigrate - Current version of schema "public": 32
2026-07-31 10:04:18.550 [restartedMain] WARN  o.f.core.internal.command.DbMigrate - outOfOrder mode is active. Migration of schema "public" may not be reproducible.
2026-07-31 10:04:18.550 [restartedMain] INFO  o.f.core.internal.command.DbMigrate - Schema "public" is up to date. No migration necessary.
2026-07-31 10:04:18.593 [restartedMain] INFO  o.h.jpa.internal.util.LogHelper - HHH000204: Processing PersistenceUnitInfo [name: default]
2026-07-31 10:04:18.596 [restartedMain] INFO  o.h.c.i.RegionFactoryInitiator - HHH000026: Second-level cache disabled
2026-07-31 10:04:18.606 [restartedMain] INFO  o.s.o.j.p.SpringPersistenceUnitInfo - No LoadTimeWeaver setup: ignoring JPA class transformer
2026-07-31 10:04:18.976 [restartedMain] INFO  o.h.e.t.j.p.i.JtaPlatformInitiator - HHH000489: No JTA platform available (set 'hibernate.transaction.jta.platform' to enable JTA platform integration)
2026-07-31 10:04:18.979 [restartedMain] INFO  o.s.o.j.LocalContainerEntityManagerFactoryBean - Initialized JPA EntityManagerFactory for persistence unit 'default'
2026-07-31 10:04:19.090 [restartedMain] DEBUG c.e.a.a.s.JwtAuthenticationFilter - Filter 'jwtAuthenticationFilter' configured for use
2026-07-31 10:04:20.725 [restartedMain] WARN  o.s.b.a.o.j.JpaBaseConfiguration$JpaWebConfiguration - spring.jpa.open-in-view is enabled by default. Therefore, database queries may be performed during view rendering. Explicitly configure spring.jpa.open-in-view to disable this warning
2026-07-31 10:04:20.825 [restartedMain] INFO  o.s.s.web.DefaultSecurityFilterChain - Will secure any request with [org.springframework.security.web.session.DisableEncodeUrlFilter@48292637, org.springframework.security.web.context.request.async.WebAsyncManagerIntegrationFilter@19946b1e, org.springframework.security.web.context.SecurityContextHolderFilter@35e6f0e5, org.springframework.security.web.header.HeaderWriterFilter@8a7835, org.springframework.security.web.authentication.logout.LogoutFilter@11281894, com.example.auth_system.auth.security.JwtAuthenticationFilter@597dd70d, org.springframework.security.web.savedrequest.RequestCacheAwareFilter@4afeb679, org.springframework.security.web.servletapi.SecurityContextHolderAwareRequestFilter@19e624c3, org.springframework.security.web.authentication.AnonymousAuthenticationFilter@667c7603, org.springframework.security.web.session.SessionManagementFilter@74bfc31c, org.springframework.security.web.access.ExceptionTranslationFilter@79f1f07, org.springframework.security.web.access.intercept.AuthorizationFilter@632c092]
2026-07-31 10:04:21.102 [restartedMain] INFO  o.s.b.d.a.OptionalLiveReloadServer - LiveReload server is running on port 35729
2026-07-31 10:04:21.120 [restartedMain] INFO  o.s.b.w.e.tomcat.TomcatWebServer - Tomcat started on port 8080 (http) with context path ''
2026-07-31 10:04:21.123 [restartedMain] INFO  c.e.a.AuthSystemApplication - Started AuthSystemApplication in 3.483 seconds (process running for 1843.217)
2026-07-31 10:04:21.155 [restartedMain] DEBUG org.hibernate.SQL - 
    select
        u1_0.id,
        u1_0.created_at,
        u1_0.email,
        u1_0.email_verified,
        u1_0.enabled,
        u1_0.first_name,
        u1_0.last_login_at,
        u1_0.last_name,
        u1_0.password,
        u1_0.store_id,
        u1_0.updated_at,
        u1_0.username 
    from
        users u1_0 
    where
        u1_0.email=?
2026-07-31 10:04:21.157 [restartedMain] DEBUG org.hibernate.SQL - 
    select
        r1_0.user_id,
        r1_1.id,
        r1_1.name,
        p1_0.role_id,
        p1_1.id,
        p1_1.created_at,
        p1_1.description,
        p1_1.name 
    from
        user_roles r1_0 
    join
        roles r1_1 
            on r1_1.id=r1_0.role_id 
    left join
        (role_permissions p1_0 
    join
        permissions p1_1 
            on p1_1.id=p1_0.permission_id) 
        on r1_1.id=p1_0.role_id 
    where
        r1_0.user_id=?
2026-07-31 10:04:21.157 [restartedMain] DEBUG org.hibernate.SQL - 
    select
        p1_0.role_id,
        p1_1.id,
        p1_1.created_at,
        p1_1.description,
        p1_1.name 
    from
        role_permissions p1_0 
    join
        permissions p1_1 
            on p1_1.id=p1_0.permission_id 
    where
        p1_0.role_id=?
2026-07-31 10:04:21.157 [restartedMain] INFO  o.s.b.d.a.ConditionEvaluationDeltaLoggingListener - Condition evaluation unchanged
2026-07-31 10:06:38.144 [File Watcher] INFO  o.s.b.d.a.LocalDevToolsAutoConfiguration$RestartingClassPathChangeChangedEventListener - Restarting due to 1 class path change (0 additions, 0 deletions, 1 modification)
2026-07-31 10:06:38.159 [Thread-43] INFO  o.s.o.j.LocalContainerEntityManagerFactoryBean - Closing JPA EntityManagerFactory for persistence unit 'default'
2026-07-31 10:06:38.172 [Thread-43] INFO  com.zaxxer.hikari.HikariDataSource - HikariPool-11 - Shutdown initiated...
2026-07-31 10:06:38.174 [Thread-43] INFO  com.zaxxer.hikari.HikariDataSource - HikariPool-11 - Shutdown completed.
2026-07-31 10:06:38.291 [restartedMain] INFO  c.e.a.AuthSystemApplication - Starting AuthSystemApplication using Java 21.0.11 with PID 9776 (C:\Users\hp\Desktop\Ei Khaing Soe\auth-system\auth-system\target\classes started by hp in C:\Users\hp\Desktop\Ei Khaing Soe\auth-system\auth-system)
2026-07-31 10:06:38.292 [restartedMain] DEBUG c.e.a.AuthSystemApplication - Running with Spring Boot v3.2.0, Spring v6.1.1
2026-07-31 10:06:38.292 [restartedMain] INFO  c.e.a.AuthSystemApplication - No active profile set, falling back to 1 default profile: "default"
2026-07-31 10:06:38.699 [restartedMain] INFO  o.s.d.r.c.RepositoryConfigurationDelegate - Bootstrapping Spring Data JPA repositories in DEFAULT mode.
2026-07-31 10:06:38.845 [restartedMain] INFO  o.s.d.r.c.RepositoryConfigurationDelegate - Finished Spring Data repository scanning in 145 ms. Found 36 JPA repository interfaces.
2026-07-31 10:06:39.047 [restartedMain] INFO  o.s.b.w.e.tomcat.TomcatWebServer - Tomcat initialized with port 8080 (http)
2026-07-31 10:06:39.047 [restartedMain] INFO  o.a.catalina.core.StandardService - Starting service [Tomcat]
2026-07-31 10:06:39.048 [restartedMain] INFO  o.a.catalina.core.StandardEngine - Starting Servlet engine: [Apache Tomcat/10.1.16]
2026-07-31 10:06:39.064 [restartedMain] INFO  o.a.c.c.C.[Tomcat].[localhost].[/] - Initializing Spring embedded WebApplicationContext
2026-07-31 10:06:39.064 [restartedMain] INFO  o.s.b.w.s.c.ServletWebServerApplicationContext - Root WebApplicationContext: initialization completed in 771 ms
2026-07-31 10:06:39.103 [restartedMain] INFO  com.zaxxer.hikari.HikariDataSource - HikariPool-12 - Starting...
2026-07-31 10:06:39.156 [restartedMain] INFO  com.zaxxer.hikari.pool.HikariPool - HikariPool-12 - Added connection org.postgresql.jdbc.PgConnection@33e5542e
2026-07-31 10:06:39.157 [restartedMain] INFO  com.zaxxer.hikari.HikariDataSource - HikariPool-12 - Start completed.
2026-07-31 10:06:39.175 [restartedMain] INFO  org.flywaydb.core.FlywayExecutor - Database: jdbc:postgresql://localhost:5432/auth-db (PostgreSQL 18.4)
2026-07-31 10:06:39.178 [restartedMain] WARN  o.f.c.i.database.base.Database - Flyway upgrade recommended: PostgreSQL 18.4 is newer than this version of Flyway and support has not been tested. The latest supported version of PostgreSQL is 15.
2026-07-31 10:06:39.232 [restartedMain] INFO  o.f.core.internal.command.DbMigrate - Current version of schema "public": 32
2026-07-31 10:06:39.233 [restartedMain] WARN  o.f.core.internal.command.DbMigrate - outOfOrder mode is active. Migration of schema "public" may not be reproducible.
2026-07-31 10:06:39.233 [restartedMain] INFO  o.f.core.internal.command.DbMigrate - Schema "public" is up to date. No migration necessary.
2026-07-31 10:06:39.266 [restartedMain] INFO  o.h.jpa.internal.util.LogHelper - HHH000204: Processing PersistenceUnitInfo [name: default]
2026-07-31 10:06:39.268 [restartedMain] INFO  o.h.c.i.RegionFactoryInitiator - HHH000026: Second-level cache disabled
2026-07-31 10:06:39.280 [restartedMain] INFO  o.s.o.j.p.SpringPersistenceUnitInfo - No LoadTimeWeaver setup: ignoring JPA class transformer
2026-07-31 10:06:39.865 [restartedMain] INFO  o.h.e.t.j.p.i.JtaPlatformInitiator - HHH000489: No JTA platform available (set 'hibernate.transaction.jta.platform' to enable JTA platform integration)
2026-07-31 10:06:39.865 [restartedMain] INFO  o.s.o.j.LocalContainerEntityManagerFactoryBean - Initialized JPA EntityManagerFactory for persistence unit 'default'
2026-07-31 10:06:39.963 [restartedMain] DEBUG c.e.a.a.s.JwtAuthenticationFilter - Filter 'jwtAuthenticationFilter' configured for use
2026-07-31 10:06:42.041 [restartedMain] WARN  o.s.b.a.o.j.JpaBaseConfiguration$JpaWebConfiguration - spring.jpa.open-in-view is enabled by default. Therefore, database queries may be performed during view rendering. Explicitly configure spring.jpa.open-in-view to disable this warning
2026-07-31 10:06:42.234 [restartedMain] INFO  o.s.s.web.DefaultSecurityFilterChain - Will secure any request with [org.springframework.security.web.session.DisableEncodeUrlFilter@16c46886, org.springframework.security.web.context.request.async.WebAsyncManagerIntegrationFilter@63483593, org.springframework.security.web.context.SecurityContextHolderFilter@1bafc1ac, org.springframework.security.web.header.HeaderWriterFilter@5c6420ac, org.springframework.security.web.authentication.logout.LogoutFilter@220afe6b, com.example.auth_system.auth.security.JwtAuthenticationFilter@57fd1dbd, org.springframework.security.web.savedrequest.RequestCacheAwareFilter@827248a, org.springframework.security.web.servletapi.SecurityContextHolderAwareRequestFilter@75bb0462, org.springframework.security.web.authentication.AnonymousAuthenticationFilter@34c94203, org.springframework.security.web.session.SessionManagementFilter@4bdf2361, org.springframework.security.web.access.ExceptionTranslationFilter@3f20d2e, org.springframework.security.web.access.intercept.AuthorizationFilter@3e8d03c5]
2026-07-31 10:06:42.563 [restartedMain] INFO  o.s.b.d.a.OptionalLiveReloadServer - LiveReload server is running on port 35729
2026-07-31 10:06:42.585 [restartedMain] INFO  o.s.b.w.e.tomcat.TomcatWebServer - Tomcat started on port 8080 (http) with context path ''
2026-07-31 10:06:42.591 [restartedMain] INFO  c.e.a.AuthSystemApplication - Started AuthSystemApplication in 4.32 seconds (process running for 1984.661)
2026-07-31 10:06:42.615 [restartedMain] DEBUG org.hibernate.SQL - 
    select
        u1_0.id,
        u1_0.created_at,
        u1_0.email,
        u1_0.email_verified,
        u1_0.enabled,
        u1_0.first_name,
        u1_0.last_login_at,
        u1_0.last_name,
        u1_0.password,
        u1_0.store_id,
        u1_0.updated_at,
        u1_0.username 
    from
        users u1_0 
    where
        u1_0.email=?
2026-07-31 10:06:42.620 [restartedMain] DEBUG org.hibernate.SQL - 
    select
        r1_0.user_id,
        r1_1.id,
        r1_1.name,
        p1_0.role_id,
        p1_1.id,
        p1_1.created_at,
        p1_1.description,
        p1_1.name 
    from
        user_roles r1_0 
    join
        roles r1_1 
            on r1_1.id=r1_0.role_id 
    left join
        (role_permissions p1_0 
    join
        permissions p1_1 
            on p1_1.id=p1_0.permission_id) 
        on r1_1.id=p1_0.role_id 
    where
        r1_0.user_id=?
2026-07-31 10:06:42.624 [restartedMain] DEBUG org.hibernate.SQL - 
    select
        p1_0.role_id,
        p1_1.id,
        p1_1.created_at,
        p1_1.description,
        p1_1.name 
    from
        role_permissions p1_0 
    join
        permissions p1_1 
            on p1_1.id=p1_0.permission_id 
    where
        p1_0.role_id=?
2026-07-31 10:06:42.626 [restartedMain] INFO  o.s.b.d.a.ConditionEvaluationDeltaLoggingListener - Condition evaluation unchanged
2026-07-31 10:14:25.151 [HikariPool-12 housekeeper] WARN  com.zaxxer.hikari.pool.HikariPool - HikariPool-12 - Thread starvation or clock leap detected (housekeeper delta=1m45s720ms789µs900ns).
2026-07-31 10:16:52.606 [File Watcher] INFO  o.s.b.d.a.LocalDevToolsAutoConfiguration$RestartingClassPathChangeChangedEventListener - Restarting due to 1 class path change (0 additions, 0 deletions, 1 modification)
2026-07-31 10:16:52.627 [Thread-47] INFO  o.s.o.j.LocalContainerEntityManagerFactoryBean - Closing JPA EntityManagerFactory for persistence unit 'default'
2026-07-31 10:16:52.629 [Thread-47] INFO  com.zaxxer.hikari.HikariDataSource - HikariPool-12 - Shutdown initiated...
2026-07-31 10:16:52.632 [Thread-47] INFO  com.zaxxer.hikari.HikariDataSource - HikariPool-12 - Shutdown completed.
2026-07-31 10:16:52.780 [restartedMain] INFO  c.e.a.AuthSystemApplication - Starting AuthSystemApplication using Java 21.0.11 with PID 9776 (C:\Users\hp\Desktop\Ei Khaing Soe\auth-system\auth-system\target\classes started by hp in C:\Users\hp\Desktop\Ei Khaing Soe\auth-system\auth-system)
2026-07-31 10:16:52.780 [restartedMain] DEBUG c.e.a.AuthSystemApplication - Running with Spring Boot v3.2.0, Spring v6.1.1
2026-07-31 10:16:52.780 [restartedMain] INFO  c.e.a.AuthSystemApplication - No active profile set, falling back to 1 default profile: "default"
2026-07-31 10:16:53.200 [restartedMain] INFO  o.s.d.r.c.RepositoryConfigurationDelegate - Bootstrapping Spring Data JPA repositories in DEFAULT mode.
2026-07-31 10:16:53.376 [restartedMain] INFO  o.s.d.r.c.RepositoryConfigurationDelegate - Finished Spring Data repository scanning in 160 ms. Found 36 JPA repository interfaces.
2026-07-31 10:16:53.560 [restartedMain] INFO  o.s.b.w.e.tomcat.TomcatWebServer - Tomcat initialized with port 8080 (http)
2026-07-31 10:16:53.560 [restartedMain] INFO  o.a.catalina.core.StandardService - Starting service [Tomcat]
2026-07-31 10:16:53.560 [restartedMain] INFO  o.a.catalina.core.StandardEngine - Starting Servlet engine: [Apache Tomcat/10.1.16]
2026-07-31 10:16:53.582 [restartedMain] INFO  o.a.c.c.C.[Tomcat].[localhost].[/] - Initializing Spring embedded WebApplicationContext
2026-07-31 10:16:53.582 [restartedMain] INFO  o.s.b.w.s.c.ServletWebServerApplicationContext - Root WebApplicationContext: initialization completed in 796 ms
2026-07-31 10:16:53.670 [restartedMain] INFO  com.zaxxer.hikari.HikariDataSource - HikariPool-13 - Starting...
2026-07-31 10:16:53.718 [restartedMain] INFO  com.zaxxer.hikari.pool.HikariPool - HikariPool-13 - Added connection org.postgresql.jdbc.PgConnection@6d21c798
2026-07-31 10:16:53.718 [restartedMain] INFO  com.zaxxer.hikari.HikariDataSource - HikariPool-13 - Start completed.
2026-07-31 10:16:53.744 [restartedMain] INFO  org.flywaydb.core.FlywayExecutor - Database: jdbc:postgresql://localhost:5432/auth-db (PostgreSQL 18.4)
2026-07-31 10:16:53.744 [restartedMain] WARN  o.f.c.i.database.base.Database - Flyway upgrade recommended: PostgreSQL 18.4 is newer than this version of Flyway and support has not been tested. The latest supported version of PostgreSQL is 15.
2026-07-31 10:16:53.810 [restartedMain] INFO  o.f.core.internal.command.DbMigrate - Current version of schema "public": 32
2026-07-31 10:16:53.810 [restartedMain] WARN  o.f.core.internal.command.DbMigrate - outOfOrder mode is active. Migration of schema "public" may not be reproducible.
2026-07-31 10:16:53.810 [restartedMain] INFO  o.f.core.internal.command.DbMigrate - Schema "public" is up to date. No migration necessary.
2026-07-31 10:16:53.860 [restartedMain] INFO  o.h.jpa.internal.util.LogHelper - HHH000204: Processing PersistenceUnitInfo [name: default]
2026-07-31 10:16:53.860 [restartedMain] INFO  o.h.c.i.RegionFactoryInitiator - HHH000026: Second-level cache disabled
2026-07-31 10:16:53.883 [restartedMain] INFO  o.s.o.j.p.SpringPersistenceUnitInfo - No LoadTimeWeaver setup: ignoring JPA class transformer
2026-07-31 10:16:54.388 [restartedMain] INFO  o.h.e.t.j.p.i.JtaPlatformInitiator - HHH000489: No JTA platform available (set 'hibernate.transaction.jta.platform' to enable JTA platform integration)
2026-07-31 10:16:54.388 [restartedMain] INFO  o.s.o.j.LocalContainerEntityManagerFactoryBean - Initialized JPA EntityManagerFactory for persistence unit 'default'
2026-07-31 10:16:54.506 [restartedMain] DEBUG c.e.a.a.s.JwtAuthenticationFilter - Filter 'jwtAuthenticationFilter' configured for use
2026-07-31 10:16:56.515 [restartedMain] WARN  o.s.b.a.o.j.JpaBaseConfiguration$JpaWebConfiguration - spring.jpa.open-in-view is enabled by default. Therefore, database queries may be performed during view rendering. Explicitly configure spring.jpa.open-in-view to disable this warning
2026-07-31 10:16:56.718 [restartedMain] INFO  o.s.s.web.DefaultSecurityFilterChain - Will secure any request with [org.springframework.security.web.session.DisableEncodeUrlFilter@304318b, org.springframework.security.web.context.request.async.WebAsyncManagerIntegrationFilter@7cc4eff0, org.springframework.security.web.context.SecurityContextHolderFilter@70513354, org.springframework.security.web.header.HeaderWriterFilter@147d2911, org.springframework.security.web.authentication.logout.LogoutFilter@51f12608, com.example.auth_system.auth.security.JwtAuthenticationFilter@1a7e85c5, org.springframework.security.web.savedrequest.RequestCacheAwareFilter@1617bfbb, org.springframework.security.web.servletapi.SecurityContextHolderAwareRequestFilter@6b5f39c9, org.springframework.security.web.authentication.AnonymousAuthenticationFilter@ef5cd92, org.springframework.security.web.session.SessionManagementFilter@698a8e5, org.springframework.security.web.access.ExceptionTranslationFilter@76720a57, org.springframework.security.web.access.intercept.AuthorizationFilter@5b1d9d86]
2026-07-31 10:16:57.127 [restartedMain] INFO  o.s.b.d.a.OptionalLiveReloadServer - LiveReload server is running on port 35729
2026-07-31 10:16:57.151 [restartedMain] INFO  o.s.b.w.e.tomcat.TomcatWebServer - Tomcat started on port 8080 (http) with context path ''
2026-07-31 10:16:57.154 [restartedMain] INFO  c.e.a.AuthSystemApplication - Started AuthSystemApplication in 4.402 seconds (process running for 2599.172)
2026-07-31 10:16:57.185 [restartedMain] DEBUG org.hibernate.SQL - 
    select
        u1_0.id,
        u1_0.created_at,
        u1_0.email,
        u1_0.email_verified,
        u1_0.enabled,
        u1_0.first_name,
        u1_0.last_login_at,
        u1_0.last_name,
        u1_0.password,
        u1_0.store_id,
        u1_0.updated_at,
        u1_0.username 
    from
        users u1_0 
    where
        u1_0.email=?
2026-07-31 10:16:57.185 [restartedMain] DEBUG org.hibernate.SQL - 
    select
        r1_0.user_id,
        r1_1.id,
        r1_1.name,
        p1_0.role_id,
        p1_1.id,
        p1_1.created_at,
        p1_1.description,
        p1_1.name 
    from
        user_roles r1_0 
    join
        roles r1_1 
            on r1_1.id=r1_0.role_id 
    left join
        (role_permissions p1_0 
    join
        permissions p1_1 
            on p1_1.id=p1_0.permission_id) 
        on r1_1.id=p1_0.role_id 
    where
        r1_0.user_id=?
2026-07-31 10:16:57.202 [restartedMain] DEBUG org.hibernate.SQL - 
    select
        p1_0.role_id,
        p1_1.id,
        p1_1.created_at,
        p1_1.description,
        p1_1.name 
    from
        role_permissions p1_0 
    join
        permissions p1_1 
            on p1_1.id=p1_0.permission_id 
    where
        p1_0.role_id=?
2026-07-31 10:16:57.202 [restartedMain] INFO  o.s.b.d.a.ConditionEvaluationDeltaLoggingListener - Condition evaluation unchanged
2026-07-31 10:16:58.746 [File Watcher] INFO  o.s.b.d.a.LocalDevToolsAutoConfiguration$RestartingClassPathChangeChangedEventListener - Restarting due to 1 class path change (0 additions, 0 deletions, 1 modification)
2026-07-31 10:16:58.762 [Thread-51] INFO  o.s.o.j.LocalContainerEntityManagerFactoryBean - Closing JPA EntityManagerFactory for persistence unit 'default'
2026-07-31 10:16:58.762 [Thread-51] INFO  com.zaxxer.hikari.HikariDataSource - HikariPool-13 - Shutdown initiated...
2026-07-31 10:16:58.762 [Thread-51] INFO  com.zaxxer.hikari.HikariDataSource - HikariPool-13 - Shutdown completed.
2026-07-31 10:16:58.908 [restartedMain] INFO  c.e.a.AuthSystemApplication - Starting AuthSystemApplication using Java 21.0.11 with PID 9776 (C:\Users\hp\Desktop\Ei Khaing Soe\auth-system\auth-system\target\classes started by hp in C:\Users\hp\Desktop\Ei Khaing Soe\auth-system\auth-system)
2026-07-31 10:16:58.908 [restartedMain] DEBUG c.e.a.AuthSystemApplication - Running with Spring Boot v3.2.0, Spring v6.1.1
2026-07-31 10:16:58.908 [restartedMain] INFO  c.e.a.AuthSystemApplication - No active profile set, falling back to 1 default profile: "default"
2026-07-31 10:16:59.250 [restartedMain] INFO  o.s.d.r.c.RepositoryConfigurationDelegate - Bootstrapping Spring Data JPA repositories in DEFAULT mode.
2026-07-31 10:16:59.396 [restartedMain] INFO  o.s.d.r.c.RepositoryConfigurationDelegate - Finished Spring Data repository scanning in 144 ms. Found 36 JPA repository interfaces.
2026-07-31 10:16:59.574 [restartedMain] INFO  o.s.b.w.e.tomcat.TomcatWebServer - Tomcat initialized with port 8080 (http)
2026-07-31 10:16:59.574 [restartedMain] INFO  o.a.catalina.core.StandardService - Starting service [Tomcat]
2026-07-31 10:16:59.574 [restartedMain] INFO  o.a.catalina.core.StandardEngine - Starting Servlet engine: [Apache Tomcat/10.1.16]
2026-07-31 10:16:59.607 [restartedMain] INFO  o.a.c.c.C.[Tomcat].[localhost].[/] - Initializing Spring embedded WebApplicationContext
2026-07-31 10:16:59.607 [restartedMain] INFO  o.s.b.w.s.c.ServletWebServerApplicationContext - Root WebApplicationContext: initialization completed in 699 ms
2026-07-31 10:16:59.669 [restartedMain] INFO  com.zaxxer.hikari.HikariDataSource - HikariPool-14 - Starting...
2026-07-31 10:16:59.714 [restartedMain] INFO  com.zaxxer.hikari.pool.HikariPool - HikariPool-14 - Added connection org.postgresql.jdbc.PgConnection@6a221985
2026-07-31 10:16:59.714 [restartedMain] INFO  com.zaxxer.hikari.HikariDataSource - HikariPool-14 - Start completed.
2026-07-31 10:16:59.730 [restartedMain] INFO  org.flywaydb.core.FlywayExecutor - Database: jdbc:postgresql://localhost:5432/auth-db (PostgreSQL 18.4)
2026-07-31 10:16:59.730 [restartedMain] WARN  o.f.c.i.database.base.Database - Flyway upgrade recommended: PostgreSQL 18.4 is newer than this version of Flyway and support has not been tested. The latest supported version of PostgreSQL is 15.
2026-07-31 10:16:59.812 [restartedMain] INFO  o.f.core.internal.command.DbMigrate - Current version of schema "public": 32
2026-07-31 10:16:59.813 [restartedMain] WARN  o.f.core.internal.command.DbMigrate - outOfOrder mode is active. Migration of schema "public" may not be reproducible.
2026-07-31 10:16:59.813 [restartedMain] INFO  o.f.core.internal.command.DbMigrate - Schema "public" is up to date. No migration necessary.
2026-07-31 10:16:59.863 [restartedMain] INFO  o.h.jpa.internal.util.LogHelper - HHH000204: Processing PersistenceUnitInfo [name: default]
2026-07-31 10:16:59.866 [restartedMain] INFO  o.h.c.i.RegionFactoryInitiator - HHH000026: Second-level cache disabled
2026-07-31 10:16:59.882 [restartedMain] INFO  o.s.o.j.p.SpringPersistenceUnitInfo - No LoadTimeWeaver setup: ignoring JPA class transformer
2026-07-31 10:17:00.312 [restartedMain] INFO  o.h.e.t.j.p.i.JtaPlatformInitiator - HHH000489: No JTA platform available (set 'hibernate.transaction.jta.platform' to enable JTA platform integration)
2026-07-31 10:17:00.313 [restartedMain] INFO  o.s.o.j.LocalContainerEntityManagerFactoryBean - Initialized JPA EntityManagerFactory for persistence unit 'default'
2026-07-31 10:17:00.415 [restartedMain] DEBUG c.e.a.a.s.JwtAuthenticationFilter - Filter 'jwtAuthenticationFilter' configured for use
2026-07-31 10:17:02.109 [restartedMain] WARN  o.s.b.a.o.j.JpaBaseConfiguration$JpaWebConfiguration - spring.jpa.open-in-view is enabled by default. Therefore, database queries may be performed during view rendering. Explicitly configure spring.jpa.open-in-view to disable this warning
2026-07-31 10:17:02.218 [restartedMain] INFO  o.s.s.web.DefaultSecurityFilterChain - Will secure any request with [org.springframework.security.web.session.DisableEncodeUrlFilter@72f7efc4, org.springframework.security.web.context.request.async.WebAsyncManagerIntegrationFilter@4b7ee39c, org.springframework.security.web.context.SecurityContextHolderFilter@56e1007f, org.springframework.security.web.header.HeaderWriterFilter@7c6dce32, org.springframework.security.web.authentication.logout.LogoutFilter@15a582a4, com.example.auth_system.auth.security.JwtAuthenticationFilter@1c76c351, org.springframework.security.web.savedrequest.RequestCacheAwareFilter@3bf5367b, org.springframework.security.web.servletapi.SecurityContextHolderAwareRequestFilter@297b6369, org.springframework.security.web.authentication.AnonymousAuthenticationFilter@45454f76, org.springframework.security.web.session.SessionManagementFilter@197f6ff1, org.springframework.security.web.access.ExceptionTranslationFilter@44953d8d, org.springframework.security.web.access.intercept.AuthorizationFilter@75636339]
2026-07-31 10:17:02.550 [restartedMain] INFO  o.s.b.d.a.OptionalLiveReloadServer - LiveReload server is running on port 35729
2026-07-31 10:17:02.566 [restartedMain] INFO  o.s.b.w.e.tomcat.TomcatWebServer - Tomcat started on port 8080 (http) with context path ''
2026-07-31 10:17:02.566 [restartedMain] INFO  c.e.a.AuthSystemApplication - Started AuthSystemApplication in 3.69 seconds (process running for 2604.589)
2026-07-31 10:17:02.595 [restartedMain] DEBUG org.hibernate.SQL - 
    select
        u1_0.id,
        u1_0.created_at,
        u1_0.email,
        u1_0.email_verified,
        u1_0.enabled,
        u1_0.first_name,
        u1_0.last_login_at,
        u1_0.last_name,
        u1_0.password,
        u1_0.store_id,
        u1_0.updated_at,
        u1_0.username 
    from
        users u1_0 
    where
        u1_0.email=?
2026-07-31 10:17:02.597 [restartedMain] DEBUG org.hibernate.SQL - 
    select
        r1_0.user_id,
        r1_1.id,
        r1_1.name,
        p1_0.role_id,
        p1_1.id,
        p1_1.created_at,
        p1_1.description,
        p1_1.name 
    from
        user_roles r1_0 
    join
        roles r1_1 
            on r1_1.id=r1_0.role_id 
    left join
        (role_permissions p1_0 
    join
        permissions p1_1 
            on p1_1.id=p1_0.permission_id) 
        on r1_1.id=p1_0.role_id 
    where
        r1_0.user_id=?
2026-07-31 10:17:02.599 [restartedMain] DEBUG org.hibernate.SQL - 
    select
        p1_0.role_id,
        p1_1.id,
        p1_1.created_at,
        p1_1.description,
        p1_1.name 
    from
        role_permissions p1_0 
    join
        permissions p1_1 
            on p1_1.id=p1_0.permission_id 
    where
        p1_0.role_id=?
2026-07-31 10:17:02.601 [restartedMain] INFO  o.s.b.d.a.ConditionEvaluationDeltaLoggingListener - Condition evaluation unchanged
2026-07-31 10:21:05.913 [File Watcher] INFO  o.s.b.d.a.LocalDevToolsAutoConfiguration$RestartingClassPathChangeChangedEventListener - Restarting due to 1 class path change (0 additions, 0 deletions, 1 modification)
2026-07-31 10:21:05.925 [Thread-55] INFO  o.s.o.j.LocalContainerEntityManagerFactoryBean - Closing JPA EntityManagerFactory for persistence unit 'default'
2026-07-31 10:21:05.926 [Thread-55] INFO  com.zaxxer.hikari.HikariDataSource - HikariPool-14 - Shutdown initiated...
2026-07-31 10:21:05.927 [Thread-55] INFO  com.zaxxer.hikari.HikariDataSource - HikariPool-14 - Shutdown completed.
2026-07-31 10:21:06.034 [restartedMain] INFO  c.e.a.AuthSystemApplication - Starting AuthSystemApplication using Java 21.0.11 with PID 9776 (C:\Users\hp\Desktop\Ei Khaing Soe\auth-system\auth-system\target\classes started by hp in C:\Users\hp\Desktop\Ei Khaing Soe\auth-system\auth-system)
2026-07-31 10:21:06.034 [restartedMain] DEBUG c.e.a.AuthSystemApplication - Running with Spring Boot v3.2.0, Spring v6.1.1
2026-07-31 10:21:06.035 [restartedMain] INFO  c.e.a.AuthSystemApplication - No active profile set, falling back to 1 default profile: "default"
2026-07-31 10:21:06.378 [restartedMain] INFO  o.s.d.r.c.RepositoryConfigurationDelegate - Bootstrapping Spring Data JPA repositories in DEFAULT mode.
2026-07-31 10:21:06.523 [restartedMain] INFO  o.s.d.r.c.RepositoryConfigurationDelegate - Finished Spring Data repository scanning in 145 ms. Found 36 JPA repository interfaces.
2026-07-31 10:21:06.665 [restartedMain] INFO  o.s.b.w.e.tomcat.TomcatWebServer - Tomcat initialized with port 8080 (http)
2026-07-31 10:21:06.666 [restartedMain] INFO  o.a.catalina.core.StandardService - Starting service [Tomcat]
2026-07-31 10:21:06.667 [restartedMain] INFO  o.a.catalina.core.StandardEngine - Starting Servlet engine: [Apache Tomcat/10.1.16]
2026-07-31 10:21:06.685 [restartedMain] INFO  o.a.c.c.C.[Tomcat].[localhost].[/] - Initializing Spring embedded WebApplicationContext
2026-07-31 10:21:06.685 [restartedMain] INFO  o.s.b.w.s.c.ServletWebServerApplicationContext - Root WebApplicationContext: initialization completed in 649 ms
2026-07-31 10:21:06.720 [restartedMain] INFO  com.zaxxer.hikari.HikariDataSource - HikariPool-15 - Starting...
2026-07-31 10:21:06.763 [restartedMain] INFO  com.zaxxer.hikari.pool.HikariPool - HikariPool-15 - Added connection org.postgresql.jdbc.PgConnection@650dcc6d
2026-07-31 10:21:06.764 [restartedMain] INFO  com.zaxxer.hikari.HikariDataSource - HikariPool-15 - Start completed.
2026-07-31 10:21:06.781 [restartedMain] INFO  org.flywaydb.core.FlywayExecutor - Database: jdbc:postgresql://localhost:5432/auth-db (PostgreSQL 18.4)
2026-07-31 10:21:06.782 [restartedMain] WARN  o.f.c.i.database.base.Database - Flyway upgrade recommended: PostgreSQL 18.4 is newer than this version of Flyway and support has not been tested. The latest supported version of PostgreSQL is 15.
2026-07-31 10:21:06.834 [restartedMain] INFO  o.f.core.internal.command.DbMigrate - Current version of schema "public": 32
2026-07-31 10:21:06.834 [restartedMain] WARN  o.f.core.internal.command.DbMigrate - outOfOrder mode is active. Migration of schema "public" may not be reproducible.
2026-07-31 10:21:06.835 [restartedMain] INFO  o.f.core.internal.command.DbMigrate - Schema "public" is up to date. No migration necessary.
2026-07-31 10:21:06.866 [restartedMain] INFO  o.h.jpa.internal.util.LogHelper - HHH000204: Processing PersistenceUnitInfo [name: default]
2026-07-31 10:21:06.870 [restartedMain] INFO  o.h.c.i.RegionFactoryInitiator - HHH000026: Second-level cache disabled
2026-07-31 10:21:06.892 [restartedMain] INFO  o.s.o.j.p.SpringPersistenceUnitInfo - No LoadTimeWeaver setup: ignoring JPA class transformer
2026-07-31 10:21:07.376 [restartedMain] INFO  o.h.e.t.j.p.i.JtaPlatformInitiator - HHH000489: No JTA platform available (set 'hibernate.transaction.jta.platform' to enable JTA platform integration)
2026-07-31 10:21:07.377 [restartedMain] INFO  o.s.o.j.LocalContainerEntityManagerFactoryBean - Initialized JPA EntityManagerFactory for persistence unit 'default'
2026-07-31 10:21:07.513 [restartedMain] DEBUG c.e.a.a.s.JwtAuthenticationFilter - Filter 'jwtAuthenticationFilter' configured for use
2026-07-31 10:21:09.484 [restartedMain] WARN  o.s.b.a.o.j.JpaBaseConfiguration$JpaWebConfiguration - spring.jpa.open-in-view is enabled by default. Therefore, database queries may be performed during view rendering. Explicitly configure spring.jpa.open-in-view to disable this warning
2026-07-31 10:21:09.618 [restartedMain] INFO  o.s.s.web.DefaultSecurityFilterChain - Will secure any request with [org.springframework.security.web.session.DisableEncodeUrlFilter@7c5d2402, org.springframework.security.web.context.request.async.WebAsyncManagerIntegrationFilter@84e298, org.springframework.security.web.context.SecurityContextHolderFilter@609a43b9, org.springframework.security.web.header.HeaderWriterFilter@57c83ad6, org.springframework.security.web.authentication.logout.LogoutFilter@34425ae7, com.example.auth_system.auth.security.JwtAuthenticationFilter@2d927a8b, org.springframework.security.web.savedrequest.RequestCacheAwareFilter@2f3e6456, org.springframework.security.web.servletapi.SecurityContextHolderAwareRequestFilter@39b6f5ed, org.springframework.security.web.authentication.AnonymousAuthenticationFilter@4e337e60, org.springframework.security.web.session.SessionManagementFilter@6baa8a9a, org.springframework.security.web.access.ExceptionTranslationFilter@1eea203c, org.springframework.security.web.access.intercept.AuthorizationFilter@5aeec8da]
2026-07-31 10:21:09.889 [restartedMain] INFO  o.s.b.d.a.OptionalLiveReloadServer - LiveReload server is running on port 35729
2026-07-31 10:21:09.908 [restartedMain] INFO  o.s.b.w.e.tomcat.TomcatWebServer - Tomcat started on port 8080 (http) with context path ''
2026-07-31 10:21:09.914 [restartedMain] INFO  c.e.a.AuthSystemApplication - Started AuthSystemApplication in 3.907 seconds (process running for 2851.931)
2026-07-31 10:21:09.955 [restartedMain] DEBUG org.hibernate.SQL - 
    select
        u1_0.id,
        u1_0.created_at,
        u1_0.email,
        u1_0.email_verified,
        u1_0.enabled,
        u1_0.first_name,
        u1_0.last_login_at,
        u1_0.last_name,
        u1_0.password,
        u1_0.store_id,
        u1_0.updated_at,
        u1_0.username 
    from
        users u1_0 
    where
        u1_0.email=?
2026-07-31 10:21:09.961 [restartedMain] DEBUG org.hibernate.SQL - 
    select
        r1_0.user_id,
        r1_1.id,
        r1_1.name,
        p1_0.role_id,
        p1_1.id,
        p1_1.created_at,
        p1_1.description,
        p1_1.name 
    from
        user_roles r1_0 
    join
        roles r1_1 
            on r1_1.id=r1_0.role_id 
    left join
        (role_permissions p1_0 
    join
        permissions p1_1 
            on p1_1.id=p1_0.permission_id) 
        on r1_1.id=p1_0.role_id 
    where
        r1_0.user_id=?
2026-07-31 10:21:09.965 [restartedMain] DEBUG org.hibernate.SQL - 
    select
        p1_0.role_id,
        p1_1.id,
        p1_1.created_at,
        p1_1.description,
        p1_1.name 
    from
        role_permissions p1_0 
    join
        permissions p1_1 
            on p1_1.id=p1_0.permission_id 
    where
        p1_0.role_id=?
2026-07-31 10:21:09.968 [restartedMain] INFO  o.s.b.d.a.ConditionEvaluationDeltaLoggingListener - Condition evaluation unchanged
2026-07-31 10:22:00.489 [File Watcher] INFO  o.s.b.d.a.LocalDevToolsAutoConfiguration$RestartingClassPathChangeChangedEventListener - Restarting due to 1 class path change (0 additions, 0 deletions, 1 modification)
2026-07-31 10:22:00.503 [Thread-59] INFO  o.s.o.j.LocalContainerEntityManagerFactoryBean - Closing JPA EntityManagerFactory for persistence unit 'default'
2026-07-31 10:22:00.504 [Thread-59] INFO  com.zaxxer.hikari.HikariDataSource - HikariPool-15 - Shutdown initiated...
2026-07-31 10:22:00.505 [Thread-59] INFO  com.zaxxer.hikari.HikariDataSource - HikariPool-15 - Shutdown completed.
2026-07-31 10:22:00.620 [restartedMain] INFO  c.e.a.AuthSystemApplication - Starting AuthSystemApplication using Java 21.0.11 with PID 9776 (C:\Users\hp\Desktop\Ei Khaing Soe\auth-system\auth-system\target\classes started by hp in C:\Users\hp\Desktop\Ei Khaing Soe\auth-system\auth-system)
2026-07-31 10:22:00.620 [restartedMain] DEBUG c.e.a.AuthSystemApplication - Running with Spring Boot v3.2.0, Spring v6.1.1
2026-07-31 10:22:00.620 [restartedMain] INFO  c.e.a.AuthSystemApplication - No active profile set, falling back to 1 default profile: "default"
2026-07-31 10:22:00.937 [restartedMain] INFO  o.s.d.r.c.RepositoryConfigurationDelegate - Bootstrapping Spring Data JPA repositories in DEFAULT mode.
2026-07-31 10:22:01.037 [restartedMain] INFO  o.s.d.r.c.RepositoryConfigurationDelegate - Finished Spring Data repository scanning in 104 ms. Found 36 JPA repository interfaces.
2026-07-31 10:22:01.169 [restartedMain] INFO  o.s.b.w.e.tomcat.TomcatWebServer - Tomcat initialized with port 8080 (http)
2026-07-31 10:22:01.169 [restartedMain] INFO  o.a.catalina.core.StandardService - Starting service [Tomcat]
2026-07-31 10:22:01.169 [restartedMain] INFO  o.a.catalina.core.StandardEngine - Starting Servlet engine: [Apache Tomcat/10.1.16]
2026-07-31 10:22:01.194 [restartedMain] INFO  o.a.c.c.C.[Tomcat].[localhost].[/] - Initializing Spring embedded WebApplicationContext
2026-07-31 10:22:01.194 [restartedMain] INFO  o.s.b.w.s.c.ServletWebServerApplicationContext - Root WebApplicationContext: initialization completed in 574 ms
2026-07-31 10:22:01.252 [restartedMain] INFO  com.zaxxer.hikari.HikariDataSource - HikariPool-16 - Starting...
2026-07-31 10:22:01.288 [restartedMain] INFO  com.zaxxer.hikari.pool.HikariPool - HikariPool-16 - Added connection org.postgresql.jdbc.PgConnection@59ec332f
2026-07-31 10:22:01.288 [restartedMain] INFO  com.zaxxer.hikari.HikariDataSource - HikariPool-16 - Start completed.
2026-07-31 10:22:01.305 [restartedMain] INFO  org.flywaydb.core.FlywayExecutor - Database: jdbc:postgresql://localhost:5432/auth-db (PostgreSQL 18.4)
2026-07-31 10:22:01.305 [restartedMain] WARN  o.f.c.i.database.base.Database - Flyway upgrade recommended: PostgreSQL 18.4 is newer than this version of Flyway and support has not been tested. The latest supported version of PostgreSQL is 15.
2026-07-31 10:22:01.360 [restartedMain] INFO  o.f.core.internal.command.DbMigrate - Current version of schema "public": 32
2026-07-31 10:22:01.360 [restartedMain] WARN  o.f.core.internal.command.DbMigrate - outOfOrder mode is active. Migration of schema "public" may not be reproducible.
2026-07-31 10:22:01.360 [restartedMain] INFO  o.f.core.internal.command.DbMigrate - Schema "public" is up to date. No migration necessary.
2026-07-31 10:22:01.408 [restartedMain] INFO  o.h.jpa.internal.util.LogHelper - HHH000204: Processing PersistenceUnitInfo [name: default]
2026-07-31 10:22:01.410 [restartedMain] INFO  o.h.c.i.RegionFactoryInitiator - HHH000026: Second-level cache disabled
2026-07-31 10:22:01.423 [restartedMain] INFO  o.s.o.j.p.SpringPersistenceUnitInfo - No LoadTimeWeaver setup: ignoring JPA class transformer
2026-07-31 10:22:02.245 [restartedMain] INFO  o.h.e.t.j.p.i.JtaPlatformInitiator - HHH000489: No JTA platform available (set 'hibernate.transaction.jta.platform' to enable JTA platform integration)
2026-07-31 10:22:02.249 [restartedMain] INFO  o.s.o.j.LocalContainerEntityManagerFactoryBean - Initialized JPA EntityManagerFactory for persistence unit 'default'
2026-07-31 10:22:02.423 [restartedMain] DEBUG c.e.a.a.s.JwtAuthenticationFilter - Filter 'jwtAuthenticationFilter' configured for use
2026-07-31 10:22:04.537 [restartedMain] WARN  o.s.b.a.o.j.JpaBaseConfiguration$JpaWebConfiguration - spring.jpa.open-in-view is enabled by default. Therefore, database queries may be performed during view rendering. Explicitly configure spring.jpa.open-in-view to disable this warning
2026-07-31 10:22:04.701 [restartedMain] INFO  o.s.s.web.DefaultSecurityFilterChain - Will secure any request with [org.springframework.security.web.session.DisableEncodeUrlFilter@5d5d9866, org.springframework.security.web.context.request.async.WebAsyncManagerIntegrationFilter@6b6d816c, org.springframework.security.web.context.SecurityContextHolderFilter@6e1a5bce, org.springframework.security.web.header.HeaderWriterFilter@cd9e8ae, org.springframework.security.web.authentication.logout.LogoutFilter@2be3bcb5, com.example.auth_system.auth.security.JwtAuthenticationFilter@5037b417, org.springframework.security.web.savedrequest.RequestCacheAwareFilter@208ba818, org.springframework.security.web.servletapi.SecurityContextHolderAwareRequestFilter@6354b83f, org.springframework.security.web.authentication.AnonymousAuthenticationFilter@15135e6a, org.springframework.security.web.session.SessionManagementFilter@4ce0ea8, org.springframework.security.web.access.ExceptionTranslationFilter@7e561124, org.springframework.security.web.access.intercept.AuthorizationFilter@1006d51c]
2026-07-31 10:22:05.069 [restartedMain] INFO  o.s.b.d.a.OptionalLiveReloadServer - LiveReload server is running on port 35729
2026-07-31 10:22:05.087 [restartedMain] INFO  o.s.b.w.e.tomcat.TomcatWebServer - Tomcat started on port 8080 (http) with context path ''
2026-07-31 10:22:05.089 [restartedMain] INFO  c.e.a.AuthSystemApplication - Started AuthSystemApplication in 4.497 seconds (process running for 2907.11)
2026-07-31 10:22:05.116 [restartedMain] DEBUG org.hibernate.SQL - 
    select
        u1_0.id,
        u1_0.created_at,
        u1_0.email,
        u1_0.email_verified,
        u1_0.enabled,
        u1_0.first_name,
        u1_0.last_login_at,
        u1_0.last_name,
        u1_0.password,
        u1_0.store_id,
        u1_0.updated_at,
        u1_0.username 
    from
        users u1_0 
    where
        u1_0.email=?
2026-07-31 10:22:05.122 [restartedMain] DEBUG org.hibernate.SQL - 
    select
        r1_0.user_id,
        r1_1.id,
        r1_1.name,
        p1_0.role_id,
        p1_1.id,
        p1_1.created_at,
        p1_1.description,
        p1_1.name 
    from
        user_roles r1_0 
    join
        roles r1_1 
            on r1_1.id=r1_0.role_id 
    left join
        (role_permissions p1_0 
    join
        permissions p1_1 
            on p1_1.id=p1_0.permission_id) 
        on r1_1.id=p1_0.role_id 
    where
        r1_0.user_id=?
2026-07-31 10:22:05.135 [restartedMain] DEBUG org.hibernate.SQL - 
    select
        p1_0.role_id,
        p1_1.id,
        p1_1.created_at,
        p1_1.description,
        p1_1.name 
    from
        role_permissions p1_0 
    join
        permissions p1_1 
            on p1_1.id=p1_0.permission_id 
    where
        p1_0.role_id=?
2026-07-31 10:22:05.138 [restartedMain] INFO  o.s.b.d.a.ConditionEvaluationDeltaLoggingListener - Condition evaluation unchanged
2026-07-31 10:22:42.457 [File Watcher] INFO  o.s.b.d.a.LocalDevToolsAutoConfiguration$RestartingClassPathChangeChangedEventListener - Restarting due to 1 class path change (0 additions, 0 deletions, 1 modification)
2026-07-31 10:22:42.473 [Thread-63] INFO  o.s.o.j.LocalContainerEntityManagerFactoryBean - Closing JPA EntityManagerFactory for persistence unit 'default'
2026-07-31 10:22:42.474 [Thread-63] INFO  com.zaxxer.hikari.HikariDataSource - HikariPool-16 - Shutdown initiated...
2026-07-31 10:22:42.476 [Thread-63] INFO  com.zaxxer.hikari.HikariDataSource - HikariPool-16 - Shutdown completed.
2026-07-31 10:22:42.592 [restartedMain] INFO  c.e.a.AuthSystemApplication - Starting AuthSystemApplication using Java 21.0.11 with PID 9776 (C:\Users\hp\Desktop\Ei Khaing Soe\auth-system\auth-system\target\classes started by hp in C:\Users\hp\Desktop\Ei Khaing Soe\auth-system\auth-system)
2026-07-31 10:22:42.592 [restartedMain] DEBUG c.e.a.AuthSystemApplication - Running with Spring Boot v3.2.0, Spring v6.1.1
2026-07-31 10:22:42.592 [restartedMain] INFO  c.e.a.AuthSystemApplication - No active profile set, falling back to 1 default profile: "default"
2026-07-31 10:22:43.086 [restartedMain] INFO  o.s.d.r.c.RepositoryConfigurationDelegate - Bootstrapping Spring Data JPA repositories in DEFAULT mode.
2026-07-31 10:22:43.220 [restartedMain] INFO  o.s.d.r.c.RepositoryConfigurationDelegate - Finished Spring Data repository scanning in 134 ms. Found 36 JPA repository interfaces.
2026-07-31 10:22:43.452 [restartedMain] INFO  o.s.b.w.e.tomcat.TomcatWebServer - Tomcat initialized with port 8080 (http)
2026-07-31 10:22:43.452 [restartedMain] INFO  o.a.catalina.core.StandardService - Starting service [Tomcat]
2026-07-31 10:22:43.452 [restartedMain] INFO  o.a.catalina.core.StandardEngine - Starting Servlet engine: [Apache Tomcat/10.1.16]
2026-07-31 10:22:43.503 [restartedMain] INFO  o.a.c.c.C.[Tomcat].[localhost].[/] - Initializing Spring embedded WebApplicationContext
2026-07-31 10:22:43.503 [restartedMain] INFO  o.s.b.w.s.c.ServletWebServerApplicationContext - Root WebApplicationContext: initialization completed in 911 ms
2026-07-31 10:22:43.541 [restartedMain] INFO  com.zaxxer.hikari.HikariDataSource - HikariPool-17 - Starting...
2026-07-31 10:22:43.588 [restartedMain] INFO  com.zaxxer.hikari.pool.HikariPool - HikariPool-17 - Added connection org.postgresql.jdbc.PgConnection@12576a80
2026-07-31 10:22:43.588 [restartedMain] INFO  com.zaxxer.hikari.HikariDataSource - HikariPool-17 - Start completed.
2026-07-31 10:22:43.604 [restartedMain] INFO  org.flywaydb.core.FlywayExecutor - Database: jdbc:postgresql://localhost:5432/auth-db (PostgreSQL 18.4)
2026-07-31 10:22:43.604 [restartedMain] WARN  o.f.c.i.database.base.Database - Flyway upgrade recommended: PostgreSQL 18.4 is newer than this version of Flyway and support has not been tested. The latest supported version of PostgreSQL is 15.
2026-07-31 10:22:43.690 [restartedMain] INFO  o.f.core.internal.command.DbMigrate - Current version of schema "public": 32
2026-07-31 10:22:43.690 [restartedMain] WARN  o.f.core.internal.command.DbMigrate - outOfOrder mode is active. Migration of schema "public" may not be reproducible.
2026-07-31 10:22:43.690 [restartedMain] INFO  o.f.core.internal.command.DbMigrate - Schema "public" is up to date. No migration necessary.
2026-07-31 10:22:43.725 [restartedMain] INFO  o.h.jpa.internal.util.LogHelper - HHH000204: Processing PersistenceUnitInfo [name: default]
2026-07-31 10:22:43.725 [restartedMain] INFO  o.h.c.i.RegionFactoryInitiator - HHH000026: Second-level cache disabled
2026-07-31 10:22:43.743 [restartedMain] INFO  o.s.o.j.p.SpringPersistenceUnitInfo - No LoadTimeWeaver setup: ignoring JPA class transformer
2026-07-31 10:22:44.437 [restartedMain] INFO  o.h.e.t.j.p.i.JtaPlatformInitiator - HHH000489: No JTA platform available (set 'hibernate.transaction.jta.platform' to enable JTA platform integration)
2026-07-31 10:22:44.437 [restartedMain] INFO  o.s.o.j.LocalContainerEntityManagerFactoryBean - Initialized JPA EntityManagerFactory for persistence unit 'default'
2026-07-31 10:22:44.538 [restartedMain] DEBUG c.e.a.a.s.JwtAuthenticationFilter - Filter 'jwtAuthenticationFilter' configured for use
2026-07-31 10:22:46.482 [restartedMain] WARN  o.s.b.a.o.j.JpaBaseConfiguration$JpaWebConfiguration - spring.jpa.open-in-view is enabled by default. Therefore, database queries may be performed during view rendering. Explicitly configure spring.jpa.open-in-view to disable this warning
2026-07-31 10:22:46.624 [restartedMain] INFO  o.s.s.web.DefaultSecurityFilterChain - Will secure any request with [org.springframework.security.web.session.DisableEncodeUrlFilter@5c69efce, org.springframework.security.web.context.request.async.WebAsyncManagerIntegrationFilter@12e1c74c, org.springframework.security.web.context.SecurityContextHolderFilter@6d851813, org.springframework.security.web.header.HeaderWriterFilter@add9f25, org.springframework.security.web.authentication.logout.LogoutFilter@236da57a, com.example.auth_system.auth.security.JwtAuthenticationFilter@27415742, org.springframework.security.web.savedrequest.RequestCacheAwareFilter@297414dd, org.springframework.security.web.servletapi.SecurityContextHolderAwareRequestFilter@4fb69261, org.springframework.security.web.authentication.AnonymousAuthenticationFilter@cb0a509, org.springframework.security.web.session.SessionManagementFilter@745ba526, org.springframework.security.web.access.ExceptionTranslationFilter@7f17644a, org.springframework.security.web.access.intercept.AuthorizationFilter@5168359b]
2026-07-31 10:22:46.935 [restartedMain] INFO  o.s.b.d.a.OptionalLiveReloadServer - LiveReload server is running on port 35729
2026-07-31 10:22:46.953 [restartedMain] INFO  o.s.b.w.e.tomcat.TomcatWebServer - Tomcat started on port 8080 (http) with context path ''
2026-07-31 10:22:46.954 [restartedMain] INFO  c.e.a.AuthSystemApplication - Started AuthSystemApplication in 4.412 seconds (process running for 2948.977)
2026-07-31 10:22:46.986 [restartedMain] DEBUG org.hibernate.SQL - 
    select
        u1_0.id,
        u1_0.created_at,
        u1_0.email,
        u1_0.email_verified,
        u1_0.enabled,
        u1_0.first_name,
        u1_0.last_login_at,
        u1_0.last_name,
        u1_0.password,
        u1_0.store_id,
        u1_0.updated_at,
        u1_0.username 
    from
        users u1_0 
    where
        u1_0.email=?
2026-07-31 10:22:46.987 [restartedMain] DEBUG org.hibernate.SQL - 
    select
        r1_0.user_id,
        r1_1.id,
        r1_1.name,
        p1_0.role_id,
        p1_1.id,
        p1_1.created_at,
        p1_1.description,
        p1_1.name 
    from
        user_roles r1_0 
    join
        roles r1_1 
            on r1_1.id=r1_0.role_id 
    left join
        (role_permissions p1_0 
    join
        permissions p1_1 
            on p1_1.id=p1_0.permission_id) 
        on r1_1.id=p1_0.role_id 
    where
        r1_0.user_id=?
2026-07-31 10:22:47.004 [restartedMain] DEBUG org.hibernate.SQL - 
    select
        p1_0.role_id,
        p1_1.id,
        p1_1.created_at,
        p1_1.description,
        p1_1.name 
    from
        role_permissions p1_0 
    join
        permissions p1_1 
            on p1_1.id=p1_0.permission_id 
    where
        p1_0.role_id=?
2026-07-31 10:22:47.004 [restartedMain] INFO  o.s.b.d.a.ConditionEvaluationDeltaLoggingListener - Condition evaluation unchanged
2026-07-31 10:28:01.175 [File Watcher] INFO  o.s.b.d.a.LocalDevToolsAutoConfiguration$RestartingClassPathChangeChangedEventListener - Restarting due to 3 class path changes (0 additions, 0 deletions, 3 modifications)
2026-07-31 10:28:01.189 [Thread-67] INFO  o.s.o.j.LocalContainerEntityManagerFactoryBean - Closing JPA EntityManagerFactory for persistence unit 'default'
2026-07-31 10:28:01.189 [Thread-67] INFO  com.zaxxer.hikari.HikariDataSource - HikariPool-17 - Shutdown initiated...
2026-07-31 10:28:01.189 [Thread-67] INFO  com.zaxxer.hikari.HikariDataSource - HikariPool-17 - Shutdown completed.
2026-07-31 10:28:01.327 [restartedMain] INFO  c.e.a.AuthSystemApplication - Starting AuthSystemApplication using Java 21.0.11 with PID 9776 (C:\Users\hp\Desktop\Ei Khaing Soe\auth-system\auth-system\target\classes started by hp in C:\Users\hp\Desktop\Ei Khaing Soe\auth-system\auth-system)
2026-07-31 10:28:01.327 [restartedMain] DEBUG c.e.a.AuthSystemApplication - Running with Spring Boot v3.2.0, Spring v6.1.1
2026-07-31 10:28:01.327 [restartedMain] INFO  c.e.a.AuthSystemApplication - No active profile set, falling back to 1 default profile: "default"
2026-07-31 10:28:01.752 [restartedMain] INFO  o.s.d.r.c.RepositoryConfigurationDelegate - Bootstrapping Spring Data JPA repositories in DEFAULT mode.
2026-07-31 10:28:01.862 [restartedMain] INFO  o.s.d.r.c.RepositoryConfigurationDelegate - Finished Spring Data repository scanning in 115 ms. Found 36 JPA repository interfaces.
2026-07-31 10:28:02.053 [restartedMain] INFO  o.s.b.w.e.tomcat.TomcatWebServer - Tomcat initialized with port 8080 (http)
2026-07-31 10:28:02.053 [restartedMain] INFO  o.a.catalina.core.StandardService - Starting service [Tomcat]
2026-07-31 10:28:02.054 [restartedMain] INFO  o.a.catalina.core.StandardEngine - Starting Servlet engine: [Apache Tomcat/10.1.16]
2026-07-31 10:28:02.074 [restartedMain] INFO  o.a.c.c.C.[Tomcat].[localhost].[/] - Initializing Spring embedded WebApplicationContext
2026-07-31 10:28:02.074 [restartedMain] INFO  o.s.b.w.s.c.ServletWebServerApplicationContext - Root WebApplicationContext: initialization completed in 747 ms
2026-07-31 10:28:02.137 [restartedMain] INFO  com.zaxxer.hikari.HikariDataSource - HikariPool-18 - Starting...
2026-07-31 10:28:02.188 [restartedMain] INFO  com.zaxxer.hikari.pool.HikariPool - HikariPool-18 - Added connection org.postgresql.jdbc.PgConnection@27b23f06
2026-07-31 10:28:02.188 [restartedMain] INFO  com.zaxxer.hikari.HikariDataSource - HikariPool-18 - Start completed.
2026-07-31 10:28:02.207 [restartedMain] INFO  org.flywaydb.core.FlywayExecutor - Database: jdbc:postgresql://localhost:5432/auth-db (PostgreSQL 18.4)
2026-07-31 10:28:02.207 [restartedMain] WARN  o.f.c.i.database.base.Database - Flyway upgrade recommended: PostgreSQL 18.4 is newer than this version of Flyway and support has not been tested. The latest supported version of PostgreSQL is 15.
2026-07-31 10:28:02.273 [restartedMain] INFO  o.f.core.internal.command.DbMigrate - Current version of schema "public": 32
2026-07-31 10:28:02.273 [restartedMain] WARN  o.f.core.internal.command.DbMigrate - outOfOrder mode is active. Migration of schema "public" may not be reproducible.
2026-07-31 10:28:02.274 [restartedMain] INFO  o.f.core.internal.command.DbMigrate - Schema "public" is up to date. No migration necessary.
2026-07-31 10:28:02.303 [restartedMain] INFO  o.h.jpa.internal.util.LogHelper - HHH000204: Processing PersistenceUnitInfo [name: default]
2026-07-31 10:28:02.303 [restartedMain] INFO  o.h.c.i.RegionFactoryInitiator - HHH000026: Second-level cache disabled
2026-07-31 10:28:02.334 [restartedMain] INFO  o.s.o.j.p.SpringPersistenceUnitInfo - No LoadTimeWeaver setup: ignoring JPA class transformer
2026-07-31 10:28:03.014 [restartedMain] INFO  o.h.e.t.j.p.i.JtaPlatformInitiator - HHH000489: No JTA platform available (set 'hibernate.transaction.jta.platform' to enable JTA platform integration)
2026-07-31 10:28:03.015 [restartedMain] INFO  o.s.o.j.LocalContainerEntityManagerFactoryBean - Initialized JPA EntityManagerFactory for persistence unit 'default'
2026-07-31 10:28:03.210 [restartedMain] DEBUG c.e.a.a.s.JwtAuthenticationFilter - Filter 'jwtAuthenticationFilter' configured for use
2026-07-31 10:28:05.455 [restartedMain] WARN  o.s.b.a.o.j.JpaBaseConfiguration$JpaWebConfiguration - spring.jpa.open-in-view is enabled by default. Therefore, database queries may be performed during view rendering. Explicitly configure spring.jpa.open-in-view to disable this warning
2026-07-31 10:28:05.670 [restartedMain] INFO  o.s.s.web.DefaultSecurityFilterChain - Will secure any request with [org.springframework.security.web.session.DisableEncodeUrlFilter@1f28bd22, org.springframework.security.web.context.request.async.WebAsyncManagerIntegrationFilter@3c43377d, org.springframework.security.web.context.SecurityContextHolderFilter@1c68b936, org.springframework.security.web.header.HeaderWriterFilter@d0dfe75, org.springframework.security.web.authentication.logout.LogoutFilter@4aaa1db, com.example.auth_system.auth.security.JwtAuthenticationFilter@4bde026a, org.springframework.security.web.savedrequest.RequestCacheAwareFilter@20a7e2bf, org.springframework.security.web.servletapi.SecurityContextHolderAwareRequestFilter@42bb5e88, org.springframework.security.web.authentication.AnonymousAuthenticationFilter@3dca1bdb, org.springframework.security.web.session.SessionManagementFilter@26273a33, org.springframework.security.web.access.ExceptionTranslationFilter@6eea532f, org.springframework.security.web.access.intercept.AuthorizationFilter@4edd795b]
2026-07-31 10:28:06.027 [restartedMain] INFO  o.s.b.d.a.OptionalLiveReloadServer - LiveReload server is running on port 35729
2026-07-31 10:28:06.042 [restartedMain] INFO  o.s.b.w.e.tomcat.TomcatWebServer - Tomcat started on port 8080 (http) with context path ''
2026-07-31 10:28:06.054 [restartedMain] INFO  c.e.a.AuthSystemApplication - Started AuthSystemApplication in 4.77 seconds (process running for 3268.071)
2026-07-31 10:28:06.087 [restartedMain] DEBUG org.hibernate.SQL - 
    select
        u1_0.id,
        u1_0.created_at,
        u1_0.email,
        u1_0.email_verified,
        u1_0.enabled,
        u1_0.first_name,
        u1_0.last_login_at,
        u1_0.last_name,
        u1_0.password,
        u1_0.store_id,
        u1_0.updated_at,
        u1_0.username 
    from
        users u1_0 
    where
        u1_0.email=?
2026-07-31 10:28:06.087 [restartedMain] DEBUG org.hibernate.SQL - 
    select
        r1_0.user_id,
        r1_1.id,
        r1_1.name,
        p1_0.role_id,
        p1_1.id,
        p1_1.created_at,
        p1_1.description,
        p1_1.name 
    from
        user_roles r1_0 
    join
        roles r1_1 
            on r1_1.id=r1_0.role_id 
    left join
        (role_permissions p1_0 
    join
        permissions p1_1 
            on p1_1.id=p1_0.permission_id) 
        on r1_1.id=p1_0.role_id 
    where
        r1_0.user_id=?
2026-07-31 10:28:06.107 [restartedMain] DEBUG org.hibernate.SQL - 
    select
        p1_0.role_id,
        p1_1.id,
        p1_1.created_at,
        p1_1.description,
        p1_1.name 
    from
        role_permissions p1_0 
    join
        permissions p1_1 
            on p1_1.id=p1_0.permission_id 
    where
        p1_0.role_id=?
2026-07-31 10:28:06.120 [restartedMain] INFO  o.s.b.d.a.ConditionEvaluationDeltaLoggingListener - Condition evaluation unchanged
2026-07-31 10:38:08.206 [File Watcher] INFO  o.s.b.d.a.LocalDevToolsAutoConfiguration$RestartingClassPathChangeChangedEventListener - Restarting due to 1 class path change (0 additions, 0 deletions, 1 modification)
2026-07-31 10:38:08.228 [Thread-71] INFO  o.s.o.j.LocalContainerEntityManagerFactoryBean - Closing JPA EntityManagerFactory for persistence unit 'default'
2026-07-31 10:38:08.230 [Thread-71] INFO  com.zaxxer.hikari.HikariDataSource - HikariPool-18 - Shutdown initiated...
2026-07-31 10:38:08.234 [Thread-71] INFO  com.zaxxer.hikari.HikariDataSource - HikariPool-18 - Shutdown completed.
2026-07-31 10:38:08.339 [restartedMain] INFO  c.e.a.AuthSystemApplication - Starting AuthSystemApplication using Java 21.0.11 with PID 9776 (C:\Users\hp\Desktop\Ei Khaing Soe\auth-system\auth-system\target\classes started by hp in C:\Users\hp\Desktop\Ei Khaing Soe\auth-system\auth-system)
2026-07-31 10:38:08.339 [restartedMain] DEBUG c.e.a.AuthSystemApplication - Running with Spring Boot v3.2.0, Spring v6.1.1
2026-07-31 10:38:08.339 [restartedMain] INFO  c.e.a.AuthSystemApplication - No active profile set, falling back to 1 default profile: "default"
2026-07-31 10:38:08.803 [restartedMain] INFO  o.s.d.r.c.RepositoryConfigurationDelegate - Bootstrapping Spring Data JPA repositories in DEFAULT mode.
2026-07-31 10:38:08.939 [restartedMain] INFO  o.s.d.r.c.RepositoryConfigurationDelegate - Finished Spring Data repository scanning in 128 ms. Found 36 JPA repository interfaces.
2026-07-31 10:38:09.208 [restartedMain] INFO  o.s.b.w.e.tomcat.TomcatWebServer - Tomcat initialized with port 8080 (http)
2026-07-31 10:38:09.208 [restartedMain] INFO  o.a.catalina.core.StandardService - Starting service [Tomcat]
2026-07-31 10:38:09.208 [restartedMain] INFO  o.a.catalina.core.StandardEngine - Starting Servlet engine: [Apache Tomcat/10.1.16]
2026-07-31 10:38:09.224 [restartedMain] INFO  o.a.c.c.C.[Tomcat].[localhost].[/] - Initializing Spring embedded WebApplicationContext
2026-07-31 10:38:09.224 [restartedMain] INFO  o.s.b.w.s.c.ServletWebServerApplicationContext - Root WebApplicationContext: initialization completed in 885 ms
2026-07-31 10:38:09.283 [restartedMain] INFO  com.zaxxer.hikari.HikariDataSource - HikariPool-19 - Starting...
2026-07-31 10:38:09.331 [restartedMain] INFO  com.zaxxer.hikari.pool.HikariPool - HikariPool-19 - Added connection org.postgresql.jdbc.PgConnection@7a2f2d5b
2026-07-31 10:38:09.331 [restartedMain] INFO  com.zaxxer.hikari.HikariDataSource - HikariPool-19 - Start completed.
2026-07-31 10:38:09.347 [restartedMain] INFO  org.flywaydb.core.FlywayExecutor - Database: jdbc:postgresql://localhost:5432/auth-db (PostgreSQL 18.4)
2026-07-31 10:38:09.362 [restartedMain] WARN  o.f.c.i.database.base.Database - Flyway upgrade recommended: PostgreSQL 18.4 is newer than this version of Flyway and support has not been tested. The latest supported version of PostgreSQL is 15.
2026-07-31 10:38:09.422 [restartedMain] INFO  o.f.core.internal.command.DbMigrate - Current version of schema "public": 32
2026-07-31 10:38:09.422 [restartedMain] WARN  o.f.core.internal.command.DbMigrate - outOfOrder mode is active. Migration of schema "public" may not be reproducible.
2026-07-31 10:38:09.422 [restartedMain] INFO  o.f.core.internal.command.DbMigrate - Schema "public" is up to date. No migration necessary.
2026-07-31 10:38:09.472 [restartedMain] INFO  o.h.jpa.internal.util.LogHelper - HHH000204: Processing PersistenceUnitInfo [name: default]
2026-07-31 10:38:09.476 [restartedMain] INFO  o.h.c.i.RegionFactoryInitiator - HHH000026: Second-level cache disabled
2026-07-31 10:38:09.489 [restartedMain] INFO  o.s.o.j.p.SpringPersistenceUnitInfo - No LoadTimeWeaver setup: ignoring JPA class transformer
2026-07-31 10:38:10.395 [restartedMain] INFO  o.h.e.t.j.p.i.JtaPlatformInitiator - HHH000489: No JTA platform available (set 'hibernate.transaction.jta.platform' to enable JTA platform integration)
2026-07-31 10:38:10.395 [restartedMain] INFO  o.s.o.j.LocalContainerEntityManagerFactoryBean - Initialized JPA EntityManagerFactory for persistence unit 'default'
2026-07-31 10:38:10.585 [restartedMain] DEBUG c.e.a.a.s.JwtAuthenticationFilter - Filter 'jwtAuthenticationFilter' configured for use
2026-07-31 10:38:13.054 [restartedMain] WARN  o.s.b.a.o.j.JpaBaseConfiguration$JpaWebConfiguration - spring.jpa.open-in-view is enabled by default. Therefore, database queries may be performed during view rendering. Explicitly configure spring.jpa.open-in-view to disable this warning
2026-07-31 10:38:13.288 [restartedMain] INFO  o.s.s.web.DefaultSecurityFilterChain - Will secure any request with [org.springframework.security.web.session.DisableEncodeUrlFilter@66d5508a, org.springframework.security.web.context.request.async.WebAsyncManagerIntegrationFilter@4ea367c0, org.springframework.security.web.context.SecurityContextHolderFilter@127d988e, org.springframework.security.web.header.HeaderWriterFilter@6d713da9, org.springframework.security.web.authentication.logout.LogoutFilter@17b708f, com.example.auth_system.auth.security.JwtAuthenticationFilter@6b7ef10e, org.springframework.security.web.savedrequest.RequestCacheAwareFilter@4c2d7805, org.springframework.security.web.servletapi.SecurityContextHolderAwareRequestFilter@2855885c, org.springframework.security.web.authentication.AnonymousAuthenticationFilter@7906628d, org.springframework.security.web.session.SessionManagementFilter@7214b555, org.springframework.security.web.access.ExceptionTranslationFilter@27ef3c38, org.springframework.security.web.access.intercept.AuthorizationFilter@3cf0b093]
2026-07-31 10:38:13.544 [restartedMain] INFO  o.s.b.d.a.OptionalLiveReloadServer - LiveReload server is running on port 35729
2026-07-31 10:38:13.576 [restartedMain] INFO  o.s.b.w.e.tomcat.TomcatWebServer - Tomcat started on port 8080 (http) with context path ''
2026-07-31 10:38:13.592 [restartedMain] INFO  c.e.a.AuthSystemApplication - Started AuthSystemApplication in 5.283 seconds (process running for 3875.61)
2026-07-31 10:38:13.624 [restartedMain] DEBUG org.hibernate.SQL - 
    select
        u1_0.id,
        u1_0.created_at,
        u1_0.email,
        u1_0.email_verified,
        u1_0.enabled,
        u1_0.first_name,
        u1_0.last_login_at,
        u1_0.last_name,
        u1_0.password,
        u1_0.store_id,
        u1_0.updated_at,
        u1_0.username 
    from
        users u1_0 
    where
        u1_0.email=?
2026-07-31 10:38:13.624 [restartedMain] DEBUG org.hibernate.SQL - 
    select
        r1_0.user_id,
        r1_1.id,
        r1_1.name,
        p1_0.role_id,
        p1_1.id,
        p1_1.created_at,
        p1_1.description,
        p1_1.name 
    from
        user_roles r1_0 
    join
        roles r1_1 
            on r1_1.id=r1_0.role_id 
    left join
        (role_permissions p1_0 
    join
        permissions p1_1 
            on p1_1.id=p1_0.permission_id) 
        on r1_1.id=p1_0.role_id 
    where
        r1_0.user_id=?
2026-07-31 10:38:13.660 [restartedMain] DEBUG org.hibernate.SQL - 
    select
        p1_0.role_id,
        p1_1.id,
        p1_1.created_at,
        p1_1.description,
        p1_1.name 
    from
        role_permissions p1_0 
    join
        permissions p1_1 
            on p1_1.id=p1_0.permission_id 
    where
        p1_0.role_id=?
2026-07-31 10:38:13.660 [restartedMain] INFO  o.s.b.d.a.ConditionEvaluationDeltaLoggingListener - Condition evaluation unchanged
2026-07-31 10:45:23.677 [File Watcher] INFO  o.s.b.d.a.LocalDevToolsAutoConfiguration$RestartingClassPathChangeChangedEventListener - Restarting due to 1 class path change (0 additions, 0 deletions, 1 modification)
2026-07-31 10:45:23.687 [Thread-75] INFO  o.s.o.j.LocalContainerEntityManagerFactoryBean - Closing JPA EntityManagerFactory for persistence unit 'default'
2026-07-31 10:45:23.689 [Thread-75] INFO  com.zaxxer.hikari.HikariDataSource - HikariPool-19 - Shutdown initiated...
2026-07-31 10:45:23.693 [Thread-75] INFO  com.zaxxer.hikari.HikariDataSource - HikariPool-19 - Shutdown completed.
2026-07-31 10:45:23.806 [restartedMain] INFO  c.e.a.AuthSystemApplication - Starting AuthSystemApplication using Java 21.0.11 with PID 9776 (C:\Users\hp\Desktop\Ei Khaing Soe\auth-system\auth-system\target\classes started by hp in C:\Users\hp\Desktop\Ei Khaing Soe\auth-system\auth-system)
2026-07-31 10:45:23.806 [restartedMain] DEBUG c.e.a.AuthSystemApplication - Running with Spring Boot v3.2.0, Spring v6.1.1
2026-07-31 10:45:23.806 [restartedMain] INFO  c.e.a.AuthSystemApplication - No active profile set, falling back to 1 default profile: "default"
2026-07-31 10:45:24.338 [restartedMain] INFO  o.s.d.r.c.RepositoryConfigurationDelegate - Bootstrapping Spring Data JPA repositories in DEFAULT mode.
2026-07-31 10:45:24.473 [restartedMain] INFO  o.s.d.r.c.RepositoryConfigurationDelegate - Finished Spring Data repository scanning in 133 ms. Found 36 JPA repository interfaces.
2026-07-31 10:45:24.773 [restartedMain] INFO  o.s.b.w.e.tomcat.TomcatWebServer - Tomcat initialized with port 8080 (http)
2026-07-31 10:45:24.773 [restartedMain] INFO  o.a.catalina.core.StandardService - Starting service [Tomcat]
2026-07-31 10:45:24.773 [restartedMain] INFO  o.a.catalina.core.StandardEngine - Starting Servlet engine: [Apache Tomcat/10.1.16]
2026-07-31 10:45:24.805 [restartedMain] INFO  o.a.c.c.C.[Tomcat].[localhost].[/] - Initializing Spring embedded WebApplicationContext
2026-07-31 10:45:24.805 [restartedMain] INFO  o.s.b.w.s.c.ServletWebServerApplicationContext - Root WebApplicationContext: initialization completed in 999 ms
2026-07-31 10:45:24.852 [restartedMain] INFO  com.zaxxer.hikari.HikariDataSource - HikariPool-20 - Starting...
2026-07-31 10:45:24.909 [restartedMain] INFO  com.zaxxer.hikari.pool.HikariPool - HikariPool-20 - Added connection org.postgresql.jdbc.PgConnection@37392a8e
2026-07-31 10:45:24.909 [restartedMain] INFO  com.zaxxer.hikari.HikariDataSource - HikariPool-20 - Start completed.
2026-07-31 10:45:24.932 [restartedMain] INFO  org.flywaydb.core.FlywayExecutor - Database: jdbc:postgresql://localhost:5432/auth-db (PostgreSQL 18.4)
2026-07-31 10:45:24.939 [restartedMain] WARN  o.f.c.i.database.base.Database - Flyway upgrade recommended: PostgreSQL 18.4 is newer than this version of Flyway and support has not been tested. The latest supported version of PostgreSQL is 15.
2026-07-31 10:45:25.008 [restartedMain] INFO  o.f.core.internal.command.DbMigrate - Current version of schema "public": 32
2026-07-31 10:45:25.008 [restartedMain] WARN  o.f.core.internal.command.DbMigrate - outOfOrder mode is active. Migration of schema "public" may not be reproducible.
2026-07-31 10:45:25.008 [restartedMain] INFO  o.f.core.internal.command.DbMigrate - Schema "public" is up to date. No migration necessary.
2026-07-31 10:45:25.054 [restartedMain] INFO  o.h.jpa.internal.util.LogHelper - HHH000204: Processing PersistenceUnitInfo [name: default]
2026-07-31 10:45:25.054 [restartedMain] INFO  o.h.c.i.RegionFactoryInitiator - HHH000026: Second-level cache disabled
2026-07-31 10:45:25.086 [restartedMain] INFO  o.s.o.j.p.SpringPersistenceUnitInfo - No LoadTimeWeaver setup: ignoring JPA class transformer
2026-07-31 10:45:25.844 [restartedMain] INFO  o.h.e.t.j.p.i.JtaPlatformInitiator - HHH000489: No JTA platform available (set 'hibernate.transaction.jta.platform' to enable JTA platform integration)
2026-07-31 10:45:25.846 [restartedMain] INFO  o.s.o.j.LocalContainerEntityManagerFactoryBean - Initialized JPA EntityManagerFactory for persistence unit 'default'
2026-07-31 10:45:25.936 [restartedMain] DEBUG c.e.a.a.s.JwtAuthenticationFilter - Filter 'jwtAuthenticationFilter' configured for use
2026-07-31 10:45:27.581 [restartedMain] WARN  o.s.b.a.o.j.JpaBaseConfiguration$JpaWebConfiguration - spring.jpa.open-in-view is enabled by default. Therefore, database queries may be performed during view rendering. Explicitly configure spring.jpa.open-in-view to disable this warning
2026-07-31 10:45:27.698 [restartedMain] INFO  o.s.s.web.DefaultSecurityFilterChain - Will secure any request with [org.springframework.security.web.session.DisableEncodeUrlFilter@47406af6, org.springframework.security.web.context.request.async.WebAsyncManagerIntegrationFilter@527fbbba, org.springframework.security.web.context.SecurityContextHolderFilter@10540bf0, org.springframework.security.web.header.HeaderWriterFilter@6a2ecf11, org.springframework.security.web.authentication.logout.LogoutFilter@676d1ae2, com.example.auth_system.auth.security.JwtAuthenticationFilter@bc75552, org.springframework.security.web.savedrequest.RequestCacheAwareFilter@224ad47c, org.springframework.security.web.servletapi.SecurityContextHolderAwareRequestFilter@3e00c163, org.springframework.security.web.authentication.AnonymousAuthenticationFilter@61d3bd75, org.springframework.security.web.session.SessionManagementFilter@5cb6a129, org.springframework.security.web.access.ExceptionTranslationFilter@8674977, org.springframework.security.web.access.intercept.AuthorizationFilter@4875d310]
2026-07-31 10:45:27.845 [restartedMain] INFO  o.s.b.d.a.OptionalLiveReloadServer - LiveReload server is running on port 35729
2026-07-31 10:45:27.858 [restartedMain] INFO  o.s.b.w.e.tomcat.TomcatWebServer - Tomcat started on port 8080 (http) with context path ''
2026-07-31 10:45:27.858 [restartedMain] INFO  c.e.a.AuthSystemApplication - Started AuthSystemApplication in 4.101 seconds (process running for 4309.881)
2026-07-31 10:45:27.883 [restartedMain] DEBUG org.hibernate.SQL - 
    select
        u1_0.id,
        u1_0.created_at,
        u1_0.email,
        u1_0.email_verified,
        u1_0.enabled,
        u1_0.first_name,
        u1_0.last_login_at,
        u1_0.last_name,
        u1_0.password,
        u1_0.store_id,
        u1_0.updated_at,
        u1_0.username 
    from
        users u1_0 
    where
        u1_0.email=?
2026-07-31 10:45:27.883 [restartedMain] DEBUG org.hibernate.SQL - 
    select
        r1_0.user_id,
        r1_1.id,
        r1_1.name,
        p1_0.role_id,
        p1_1.id,
        p1_1.created_at,
        p1_1.description,
        p1_1.name 
    from
        user_roles r1_0 
    join
        roles r1_1 
            on r1_1.id=r1_0.role_id 
    left join
        (role_permissions p1_0 
    join
        permissions p1_1 
            on p1_1.id=p1_0.permission_id) 
        on r1_1.id=p1_0.role_id 
    where
        r1_0.user_id=?
2026-07-31 10:45:27.899 [restartedMain] DEBUG org.hibernate.SQL - 
    select
        p1_0.role_id,
        p1_1.id,
        p1_1.created_at,
        p1_1.description,
        p1_1.name 
    from
        role_permissions p1_0 
    join
        permissions p1_1 
            on p1_1.id=p1_0.permission_id 
    where
        p1_0.role_id=?
2026-07-31 10:45:27.899 [restartedMain] INFO  o.s.b.d.a.ConditionEvaluationDeltaLoggingListener - Condition evaluation unchanged
2026-07-31 10:45:32.838 [File Watcher] INFO  o.s.b.d.a.LocalDevToolsAutoConfiguration$RestartingClassPathChangeChangedEventListener - Restarting due to 1 class path change (0 additions, 0 deletions, 1 modification)
2026-07-31 10:45:32.877 [Thread-79] INFO  o.s.o.j.LocalContainerEntityManagerFactoryBean - Closing JPA EntityManagerFactory for persistence unit 'default'
2026-07-31 10:45:32.880 [Thread-79] INFO  com.zaxxer.hikari.HikariDataSource - HikariPool-20 - Shutdown initiated...
2026-07-31 10:45:32.886 [Thread-79] INFO  com.zaxxer.hikari.HikariDataSource - HikariPool-20 - Shutdown completed.
2026-07-31 10:45:33.028 [restartedMain] INFO  c.e.a.AuthSystemApplication - Starting AuthSystemApplication using Java 21.0.11 with PID 9776 (C:\Users\hp\Desktop\Ei Khaing Soe\auth-system\auth-system\target\classes started by hp in C:\Users\hp\Desktop\Ei Khaing Soe\auth-system\auth-system)
2026-07-31 10:45:33.030 [restartedMain] DEBUG c.e.a.AuthSystemApplication - Running with Spring Boot v3.2.0, Spring v6.1.1
2026-07-31 10:45:33.030 [restartedMain] INFO  c.e.a.AuthSystemApplication - No active profile set, falling back to 1 default profile: "default"
2026-07-31 10:45:33.438 [restartedMain] INFO  o.s.d.r.c.RepositoryConfigurationDelegate - Bootstrapping Spring Data JPA repositories in DEFAULT mode.
2026-07-31 10:45:33.588 [restartedMain] INFO  o.s.d.r.c.RepositoryConfigurationDelegate - Finished Spring Data repository scanning in 150 ms. Found 36 JPA repository interfaces.
2026-07-31 10:45:33.793 [restartedMain] INFO  o.s.b.w.e.tomcat.TomcatWebServer - Tomcat initialized with port 8080 (http)
2026-07-31 10:45:33.795 [restartedMain] INFO  o.a.catalina.core.StandardService - Starting service [Tomcat]
2026-07-31 10:45:33.795 [restartedMain] INFO  o.a.catalina.core.StandardEngine - Starting Servlet engine: [Apache Tomcat/10.1.16]
2026-07-31 10:45:33.819 [restartedMain] INFO  o.a.c.c.C.[Tomcat].[localhost].[/] - Initializing Spring embedded WebApplicationContext
2026-07-31 10:45:33.819 [restartedMain] INFO  o.s.b.w.s.c.ServletWebServerApplicationContext - Root WebApplicationContext: initialization completed in 788 ms
2026-07-31 10:45:33.898 [restartedMain] INFO  com.zaxxer.hikari.HikariDataSource - HikariPool-21 - Starting...
2026-07-31 10:45:33.946 [restartedMain] INFO  com.zaxxer.hikari.pool.HikariPool - HikariPool-21 - Added connection org.postgresql.jdbc.PgConnection@67428f3f
2026-07-31 10:45:33.946 [restartedMain] INFO  com.zaxxer.hikari.HikariDataSource - HikariPool-21 - Start completed.
2026-07-31 10:45:33.978 [restartedMain] INFO  org.flywaydb.core.FlywayExecutor - Database: jdbc:postgresql://localhost:5432/auth-db (PostgreSQL 18.4)
2026-07-31 10:45:33.978 [restartedMain] WARN  o.f.c.i.database.base.Database - Flyway upgrade recommended: PostgreSQL 18.4 is newer than this version of Flyway and support has not been tested. The latest supported version of PostgreSQL is 15.
2026-07-31 10:45:34.041 [restartedMain] INFO  o.f.core.internal.command.DbMigrate - Current version of schema "public": 32
2026-07-31 10:45:34.041 [restartedMain] WARN  o.f.core.internal.command.DbMigrate - outOfOrder mode is active. Migration of schema "public" may not be reproducible.
2026-07-31 10:45:34.041 [restartedMain] INFO  o.f.core.internal.command.DbMigrate - Schema "public" is up to date. No migration necessary.
2026-07-31 10:45:34.076 [restartedMain] INFO  o.h.jpa.internal.util.LogHelper - HHH000204: Processing PersistenceUnitInfo [name: default]
2026-07-31 10:45:34.076 [restartedMain] INFO  o.h.c.i.RegionFactoryInitiator - HHH000026: Second-level cache disabled
2026-07-31 10:45:34.106 [restartedMain] INFO  o.s.o.j.p.SpringPersistenceUnitInfo - No LoadTimeWeaver setup: ignoring JPA class transformer
2026-07-31 10:45:34.884 [restartedMain] INFO  o.h.e.t.j.p.i.JtaPlatformInitiator - HHH000489: No JTA platform available (set 'hibernate.transaction.jta.platform' to enable JTA platform integration)
2026-07-31 10:45:34.884 [restartedMain] INFO  o.s.o.j.LocalContainerEntityManagerFactoryBean - Initialized JPA EntityManagerFactory for persistence unit 'default'
2026-07-31 10:45:35.037 [restartedMain] DEBUG c.e.a.a.s.JwtAuthenticationFilter - Filter 'jwtAuthenticationFilter' configured for use
2026-07-31 10:45:37.330 [restartedMain] WARN  o.s.b.a.o.j.JpaBaseConfiguration$JpaWebConfiguration - spring.jpa.open-in-view is enabled by default. Therefore, database queries may be performed during view rendering. Explicitly configure spring.jpa.open-in-view to disable this warning
2026-07-31 10:45:37.503 [restartedMain] INFO  o.s.s.web.DefaultSecurityFilterChain - Will secure any request with [org.springframework.security.web.session.DisableEncodeUrlFilter@22ab3008, org.springframework.security.web.context.request.async.WebAsyncManagerIntegrationFilter@42ac8b83, org.springframework.security.web.context.SecurityContextHolderFilter@148392a7, org.springframework.security.web.header.HeaderWriterFilter@ebbdb24, org.springframework.security.web.authentication.logout.LogoutFilter@7ba36886, com.example.auth_system.auth.security.JwtAuthenticationFilter@5d2a193e, org.springframework.security.web.savedrequest.RequestCacheAwareFilter@475dd837, org.springframework.security.web.servletapi.SecurityContextHolderAwareRequestFilter@17ef4903, org.springframework.security.web.authentication.AnonymousAuthenticationFilter@2481fbd0, org.springframework.security.web.session.SessionManagementFilter@38cb9fa5, org.springframework.security.web.access.ExceptionTranslationFilter@6ce7fd55, org.springframework.security.web.access.intercept.AuthorizationFilter@3fdc77a5]
2026-07-31 10:45:37.828 [restartedMain] INFO  o.s.b.d.a.OptionalLiveReloadServer - LiveReload server is running on port 35729
2026-07-31 10:45:37.846 [restartedMain] INFO  o.s.b.w.e.tomcat.TomcatWebServer - Tomcat started on port 8080 (http) with context path ''
2026-07-31 10:45:37.846 [restartedMain] INFO  c.e.a.AuthSystemApplication - Started AuthSystemApplication in 4.868 seconds (process running for 4319.875)
2026-07-31 10:45:37.880 [restartedMain] DEBUG org.hibernate.SQL - 
    select
        u1_0.id,
        u1_0.created_at,
        u1_0.email,
        u1_0.email_verified,
        u1_0.enabled,
        u1_0.first_name,
        u1_0.last_login_at,
        u1_0.last_name,
        u1_0.password,
        u1_0.store_id,
        u1_0.updated_at,
        u1_0.username 
    from
        users u1_0 
    where
        u1_0.email=?
2026-07-31 10:45:37.890 [restartedMain] DEBUG org.hibernate.SQL - 
    select
        r1_0.user_id,
        r1_1.id,
        r1_1.name,
        p1_0.role_id,
        p1_1.id,
        p1_1.created_at,
        p1_1.description,
        p1_1.name 
    from
        user_roles r1_0 
    join
        roles r1_1 
            on r1_1.id=r1_0.role_id 
    left join
        (role_permissions p1_0 
    join
        permissions p1_1 
            on p1_1.id=p1_0.permission_id) 
        on r1_1.id=p1_0.role_id 
    where
        r1_0.user_id=?
2026-07-31 10:45:37.910 [restartedMain] DEBUG org.hibernate.SQL - 
    select
        p1_0.role_id,
        p1_1.id,
        p1_1.created_at,
        p1_1.description,
        p1_1.name 
    from
        role_permissions p1_0 
    join
        permissions p1_1 
            on p1_1.id=p1_0.permission_id 
    where
        p1_0.role_id=?
2026-07-31 10:45:37.929 [restartedMain] INFO  o.s.b.d.a.ConditionEvaluationDeltaLoggingListener - Condition evaluation unchanged
2026-07-31 10:51:17.319 [File Watcher] INFO  o.s.b.d.a.LocalDevToolsAutoConfiguration$RestartingClassPathChangeChangedEventListener - Restarting due to 2 class path changes (0 additions, 0 deletions, 2 modifications)
2026-07-31 10:51:17.332 [Thread-83] INFO  o.s.o.j.LocalContainerEntityManagerFactoryBean - Closing JPA EntityManagerFactory for persistence unit 'default'
2026-07-31 10:51:17.333 [Thread-83] INFO  com.zaxxer.hikari.HikariDataSource - HikariPool-21 - Shutdown initiated...
2026-07-31 10:51:17.335 [Thread-83] INFO  com.zaxxer.hikari.HikariDataSource - HikariPool-21 - Shutdown completed.
2026-07-31 10:51:17.442 [restartedMain] INFO  c.e.a.AuthSystemApplication - Starting AuthSystemApplication using Java 21.0.11 with PID 9776 (C:\Users\hp\Desktop\Ei Khaing Soe\auth-system\auth-system\target\classes started by hp in C:\Users\hp\Desktop\Ei Khaing Soe\auth-system\auth-system)
2026-07-31 10:51:17.443 [restartedMain] DEBUG c.e.a.AuthSystemApplication - Running with Spring Boot v3.2.0, Spring v6.1.1
2026-07-31 10:51:17.443 [restartedMain] INFO  c.e.a.AuthSystemApplication - No active profile set, falling back to 1 default profile: "default"
2026-07-31 10:51:17.931 [restartedMain] INFO  o.s.d.r.c.RepositoryConfigurationDelegate - Bootstrapping Spring Data JPA repositories in DEFAULT mode.
2026-07-31 10:51:18.084 [restartedMain] INFO  o.s.d.r.c.RepositoryConfigurationDelegate - Finished Spring Data repository scanning in 152 ms. Found 36 JPA repository interfaces.
2026-07-31 10:51:18.291 [restartedMain] INFO  o.s.b.w.e.tomcat.TomcatWebServer - Tomcat initialized with port 8080 (http)
2026-07-31 10:51:18.293 [restartedMain] INFO  o.a.catalina.core.StandardService - Starting service [Tomcat]
2026-07-31 10:51:18.293 [restartedMain] INFO  o.a.catalina.core.StandardEngine - Starting Servlet engine: [Apache Tomcat/10.1.16]
2026-07-31 10:51:18.310 [restartedMain] INFO  o.a.c.c.C.[Tomcat].[localhost].[/] - Initializing Spring embedded WebApplicationContext
2026-07-31 10:51:18.310 [restartedMain] INFO  o.s.b.w.s.c.ServletWebServerApplicationContext - Root WebApplicationContext: initialization completed in 864 ms
2026-07-31 10:51:18.378 [restartedMain] INFO  com.zaxxer.hikari.HikariDataSource - HikariPool-22 - Starting...
2026-07-31 10:51:18.429 [restartedMain] INFO  com.zaxxer.hikari.pool.HikariPool - HikariPool-22 - Added connection org.postgresql.jdbc.PgConnection@131914d6
2026-07-31 10:51:18.430 [restartedMain] INFO  com.zaxxer.hikari.HikariDataSource - HikariPool-22 - Start completed.
2026-07-31 10:51:18.479 [restartedMain] INFO  org.flywaydb.core.FlywayExecutor - Database: jdbc:postgresql://localhost:5432/auth-db (PostgreSQL 18.4)
2026-07-31 10:51:18.482 [restartedMain] WARN  o.f.c.i.database.base.Database - Flyway upgrade recommended: PostgreSQL 18.4 is newer than this version of Flyway and support has not been tested. The latest supported version of PostgreSQL is 15.
2026-07-31 10:51:18.563 [restartedMain] INFO  o.f.core.internal.command.DbMigrate - Current version of schema "public": 32
2026-07-31 10:51:18.563 [restartedMain] WARN  o.f.core.internal.command.DbMigrate - outOfOrder mode is active. Migration of schema "public" may not be reproducible.
2026-07-31 10:51:18.564 [restartedMain] INFO  o.f.core.internal.command.DbMigrate - Schema "public" is up to date. No migration necessary.
2026-07-31 10:51:18.612 [restartedMain] INFO  o.h.jpa.internal.util.LogHelper - HHH000204: Processing PersistenceUnitInfo [name: default]
2026-07-31 10:51:18.615 [restartedMain] INFO  o.h.c.i.RegionFactoryInitiator - HHH000026: Second-level cache disabled
2026-07-31 10:51:18.630 [restartedMain] INFO  o.s.o.j.p.SpringPersistenceUnitInfo - No LoadTimeWeaver setup: ignoring JPA class transformer
2026-07-31 10:51:19.175 [restartedMain] INFO  o.h.e.t.j.p.i.JtaPlatformInitiator - HHH000489: No JTA platform available (set 'hibernate.transaction.jta.platform' to enable JTA platform integration)
2026-07-31 10:51:19.175 [restartedMain] INFO  o.s.o.j.LocalContainerEntityManagerFactoryBean - Initialized JPA EntityManagerFactory for persistence unit 'default'
2026-07-31 10:51:19.292 [restartedMain] DEBUG c.e.a.a.s.JwtAuthenticationFilter - Filter 'jwtAuthenticationFilter' configured for use
2026-07-31 10:51:21.099 [restartedMain] WARN  o.s.b.a.o.j.JpaBaseConfiguration$JpaWebConfiguration - spring.jpa.open-in-view is enabled by default. Therefore, database queries may be performed during view rendering. Explicitly configure spring.jpa.open-in-view to disable this warning
2026-07-31 10:51:21.273 [restartedMain] INFO  o.s.s.web.DefaultSecurityFilterChain - Will secure any request with [org.springframework.security.web.session.DisableEncodeUrlFilter@46c627a4, org.springframework.security.web.context.request.async.WebAsyncManagerIntegrationFilter@5c29fd11, org.springframework.security.web.context.SecurityContextHolderFilter@35f1af30, org.springframework.security.web.header.HeaderWriterFilter@585eb041, org.springframework.security.web.authentication.logout.LogoutFilter@5d068e8a, com.example.auth_system.auth.security.JwtAuthenticationFilter@76b2bc6, org.springframework.security.web.savedrequest.RequestCacheAwareFilter@60af0f57, org.springframework.security.web.servletapi.SecurityContextHolderAwareRequestFilter@4dde67bb, org.springframework.security.web.authentication.AnonymousAuthenticationFilter@12ea60e8, org.springframework.security.web.session.SessionManagementFilter@62194b28, org.springframework.security.web.access.ExceptionTranslationFilter@75641de4, org.springframework.security.web.access.intercept.AuthorizationFilter@2f5d9e1b]
2026-07-31 10:51:21.512 [restartedMain] INFO  o.s.b.d.a.OptionalLiveReloadServer - LiveReload server is running on port 35729
2026-07-31 10:51:21.538 [restartedMain] INFO  o.s.b.w.e.tomcat.TomcatWebServer - Tomcat started on port 8080 (http) with context path ''
2026-07-31 10:51:21.542 [restartedMain] INFO  c.e.a.AuthSystemApplication - Started AuthSystemApplication in 4.138 seconds (process running for 4663.559)
2026-07-31 10:51:21.581 [restartedMain] DEBUG org.hibernate.SQL - 
    select
        u1_0.id,
        u1_0.created_at,
        u1_0.email,
        u1_0.email_verified,
        u1_0.enabled,
        u1_0.first_name,
        u1_0.last_login_at,
        u1_0.last_name,
        u1_0.password,
        u1_0.store_id,
        u1_0.updated_at,
        u1_0.username 
    from
        users u1_0 
    where
        u1_0.email=?
2026-07-31 10:51:21.587 [restartedMain] DEBUG org.hibernate.SQL - 
    select
        r1_0.user_id,
        r1_1.id,
        r1_1.name,
        p1_0.role_id,
        p1_1.id,
        p1_1.created_at,
        p1_1.description,
        p1_1.name 
    from
        user_roles r1_0 
    join
        roles r1_1 
            on r1_1.id=r1_0.role_id 
    left join
        (role_permissions p1_0 
    join
        permissions p1_1 
            on p1_1.id=p1_0.permission_id) 
        on r1_1.id=p1_0.role_id 
    where
        r1_0.user_id=?
2026-07-31 10:51:21.604 [restartedMain] DEBUG org.hibernate.SQL - 
    select
        p1_0.role_id,
        p1_1.id,
        p1_1.created_at,
        p1_1.description,
        p1_1.name 
    from
        role_permissions p1_0 
    join
        permissions p1_1 
            on p1_1.id=p1_0.permission_id 
    where
        p1_0.role_id=?
2026-07-31 10:51:21.609 [restartedMain] INFO  o.s.b.d.a.ConditionEvaluationDeltaLoggingListener - Condition evaluation unchanged
2026-07-31 10:57:33.461 [File Watcher] INFO  o.s.b.d.a.LocalDevToolsAutoConfiguration$RestartingClassPathChangeChangedEventListener - Restarting due to 3 class path changes (0 additions, 0 deletions, 3 modifications)
2026-07-31 10:57:33.478 [Thread-87] INFO  o.s.o.j.LocalContainerEntityManagerFactoryBean - Closing JPA EntityManagerFactory for persistence unit 'default'
2026-07-31 10:57:33.480 [Thread-87] INFO  com.zaxxer.hikari.HikariDataSource - HikariPool-22 - Shutdown initiated...
2026-07-31 10:57:33.483 [Thread-87] INFO  com.zaxxer.hikari.HikariDataSource - HikariPool-22 - Shutdown completed.
2026-07-31 10:57:33.593 [restartedMain] INFO  c.e.a.AuthSystemApplication - Starting AuthSystemApplication using Java 21.0.11 with PID 9776 (C:\Users\hp\Desktop\Ei Khaing Soe\auth-system\auth-system\target\classes started by hp in C:\Users\hp\Desktop\Ei Khaing Soe\auth-system\auth-system)
2026-07-31 10:57:33.593 [restartedMain] DEBUG c.e.a.AuthSystemApplication - Running with Spring Boot v3.2.0, Spring v6.1.1
2026-07-31 10:57:33.593 [restartedMain] INFO  c.e.a.AuthSystemApplication - No active profile set, falling back to 1 default profile: "default"
2026-07-31 10:57:34.104 [restartedMain] INFO  o.s.d.r.c.RepositoryConfigurationDelegate - Bootstrapping Spring Data JPA repositories in DEFAULT mode.
2026-07-31 10:57:34.275 [restartedMain] INFO  o.s.d.r.c.RepositoryConfigurationDelegate - Finished Spring Data repository scanning in 174 ms. Found 36 JPA repository interfaces.
2026-07-31 10:57:34.459 [restartedMain] INFO  o.s.b.w.e.tomcat.TomcatWebServer - Tomcat initialized with port 8080 (http)
2026-07-31 10:57:34.459 [restartedMain] INFO  o.a.catalina.core.StandardService - Starting service [Tomcat]
2026-07-31 10:57:34.459 [restartedMain] INFO  o.a.catalina.core.StandardEngine - Starting Servlet engine: [Apache Tomcat/10.1.16]
2026-07-31 10:57:34.475 [restartedMain] INFO  o.a.c.c.C.[Tomcat].[localhost].[/] - Initializing Spring embedded WebApplicationContext
2026-07-31 10:57:34.491 [restartedMain] INFO  o.s.b.w.s.c.ServletWebServerApplicationContext - Root WebApplicationContext: initialization completed in 885 ms
2026-07-31 10:57:34.575 [restartedMain] INFO  com.zaxxer.hikari.HikariDataSource - HikariPool-23 - Starting...
2026-07-31 10:57:34.609 [restartedMain] INFO  com.zaxxer.hikari.pool.HikariPool - HikariPool-23 - Added connection org.postgresql.jdbc.PgConnection@6a646a3a
2026-07-31 10:57:34.609 [restartedMain] INFO  com.zaxxer.hikari.HikariDataSource - HikariPool-23 - Start completed.
2026-07-31 10:57:34.624 [restartedMain] INFO  org.flywaydb.core.FlywayExecutor - Database: jdbc:postgresql://localhost:5432/auth-db (PostgreSQL 18.4)
2026-07-31 10:57:34.624 [restartedMain] WARN  o.f.c.i.database.base.Database - Flyway upgrade recommended: PostgreSQL 18.4 is newer than this version of Flyway and support has not been tested. The latest supported version of PostgreSQL is 15.
2026-07-31 10:57:34.692 [restartedMain] INFO  o.f.core.internal.command.DbMigrate - Current version of schema "public": 32
2026-07-31 10:57:34.692 [restartedMain] WARN  o.f.core.internal.command.DbMigrate - outOfOrder mode is active. Migration of schema "public" may not be reproducible.
2026-07-31 10:57:34.692 [restartedMain] INFO  o.f.core.internal.command.DbMigrate - Schema "public" is up to date. No migration necessary.
2026-07-31 10:57:34.725 [restartedMain] INFO  o.h.jpa.internal.util.LogHelper - HHH000204: Processing PersistenceUnitInfo [name: default]
2026-07-31 10:57:34.742 [restartedMain] INFO  o.h.c.i.RegionFactoryInitiator - HHH000026: Second-level cache disabled
2026-07-31 10:57:34.760 [restartedMain] INFO  o.s.o.j.p.SpringPersistenceUnitInfo - No LoadTimeWeaver setup: ignoring JPA class transformer
2026-07-31 10:57:35.644 [restartedMain] INFO  o.h.e.t.j.p.i.JtaPlatformInitiator - HHH000489: No JTA platform available (set 'hibernate.transaction.jta.platform' to enable JTA platform integration)
2026-07-31 10:57:35.644 [restartedMain] INFO  o.s.o.j.LocalContainerEntityManagerFactoryBean - Initialized JPA EntityManagerFactory for persistence unit 'default'
2026-07-31 10:57:35.824 [restartedMain] DEBUG c.e.a.a.s.JwtAuthenticationFilter - Filter 'jwtAuthenticationFilter' configured for use
2026-07-31 10:57:38.074 [restartedMain] WARN  o.s.b.a.o.j.JpaBaseConfiguration$JpaWebConfiguration - spring.jpa.open-in-view is enabled by default. Therefore, database queries may be performed during view rendering. Explicitly configure spring.jpa.open-in-view to disable this warning
2026-07-31 10:57:38.326 [restartedMain] INFO  o.s.s.web.DefaultSecurityFilterChain - Will secure any request with [org.springframework.security.web.session.DisableEncodeUrlFilter@52ef8ba8, org.springframework.security.web.context.request.async.WebAsyncManagerIntegrationFilter@490eab4, org.springframework.security.web.context.SecurityContextHolderFilter@2a5b1b29, org.springframework.security.web.header.HeaderWriterFilter@63f09dc9, org.springframework.security.web.authentication.logout.LogoutFilter@fdc2cac, com.example.auth_system.auth.security.JwtAuthenticationFilter@5e9498da, org.springframework.security.web.savedrequest.RequestCacheAwareFilter@49dfd925, org.springframework.security.web.servletapi.SecurityContextHolderAwareRequestFilter@2ea61b02, org.springframework.security.web.authentication.AnonymousAuthenticationFilter@4f022323, org.springframework.security.web.session.SessionManagementFilter@5ef1b500, org.springframework.security.web.access.ExceptionTranslationFilter@43241867, org.springframework.security.web.access.intercept.AuthorizationFilter@3c3879cf]
2026-07-31 10:57:38.583 [restartedMain] INFO  o.s.b.d.a.OptionalLiveReloadServer - LiveReload server is running on port 35729
2026-07-31 10:57:38.607 [restartedMain] INFO  o.s.b.w.e.tomcat.TomcatWebServer - Tomcat started on port 8080 (http) with context path ''
2026-07-31 10:57:38.615 [restartedMain] INFO  c.e.a.AuthSystemApplication - Started AuthSystemApplication in 5.054 seconds (process running for 5040.634)
2026-07-31 10:57:38.655 [restartedMain] DEBUG org.hibernate.SQL - 
    select
        u1_0.id,
        u1_0.created_at,
        u1_0.email,
        u1_0.email_verified,
        u1_0.enabled,
        u1_0.first_name,
        u1_0.last_login_at,
        u1_0.last_name,
        u1_0.password,
        u1_0.store_id,
        u1_0.updated_at,
        u1_0.username 
    from
        users u1_0 
    where
        u1_0.email=?
2026-07-31 10:57:38.655 [restartedMain] DEBUG org.hibernate.SQL - 
    select
        r1_0.user_id,
        r1_1.id,
        r1_1.name,
        p1_0.role_id,
        p1_1.id,
        p1_1.created_at,
        p1_1.description,
        p1_1.name 
    from
        user_roles r1_0 
    join
        roles r1_1 
            on r1_1.id=r1_0.role_id 
    left join
        (role_permissions p1_0 
    join
        permissions p1_1 
            on p1_1.id=p1_0.permission_id) 
        on r1_1.id=p1_0.role_id 
    where
        r1_0.user_id=?
2026-07-31 10:57:38.677 [restartedMain] DEBUG org.hibernate.SQL - 
    select
        p1_0.role_id,
        p1_1.id,
        p1_1.created_at,
        p1_1.description,
        p1_1.name 
    from
        role_permissions p1_0 
    join
        permissions p1_1 
            on p1_1.id=p1_0.permission_id 
    where
        p1_0.role_id=?
2026-07-31 10:57:38.699 [restartedMain] INFO  o.s.b.d.a.ConditionEvaluationDeltaLoggingListener - Condition evaluation unchanged
2026-07-31 10:58:40.245 [File Watcher] INFO  o.s.b.d.a.LocalDevToolsAutoConfiguration$RestartingClassPathChangeChangedEventListener - Restarting due to 1 class path change (0 additions, 0 deletions, 1 modification)
2026-07-31 10:58:40.245 [Thread-91] INFO  o.s.o.j.LocalContainerEntityManagerFactoryBean - Closing JPA EntityManagerFactory for persistence unit 'default'
2026-07-31 10:58:40.245 [Thread-91] INFO  com.zaxxer.hikari.HikariDataSource - HikariPool-23 - Shutdown initiated...
2026-07-31 10:58:40.245 [Thread-91] INFO  com.zaxxer.hikari.HikariDataSource - HikariPool-23 - Shutdown completed.
2026-07-31 10:58:40.376 [restartedMain] INFO  c.e.a.AuthSystemApplication - Starting AuthSystemApplication using Java 21.0.11 with PID 9776 (C:\Users\hp\Desktop\Ei Khaing Soe\auth-system\auth-system\target\classes started by hp in C:\Users\hp\Desktop\Ei Khaing Soe\auth-system\auth-system)
2026-07-31 10:58:40.376 [restartedMain] DEBUG c.e.a.AuthSystemApplication - Running with Spring Boot v3.2.0, Spring v6.1.1
2026-07-31 10:58:40.376 [restartedMain] INFO  c.e.a.AuthSystemApplication - No active profile set, falling back to 1 default profile: "default"
2026-07-31 10:58:40.825 [restartedMain] INFO  o.s.d.r.c.RepositoryConfigurationDelegate - Bootstrapping Spring Data JPA repositories in DEFAULT mode.
2026-07-31 10:58:40.981 [restartedMain] INFO  o.s.d.r.c.RepositoryConfigurationDelegate - Finished Spring Data repository scanning in 151 ms. Found 36 JPA repository interfaces.
2026-07-31 10:58:41.201 [restartedMain] INFO  o.s.b.w.e.tomcat.TomcatWebServer - Tomcat initialized with port 8080 (http)
2026-07-31 10:58:41.201 [restartedMain] INFO  o.a.catalina.core.StandardService - Starting service [Tomcat]
2026-07-31 10:58:41.203 [restartedMain] INFO  o.a.catalina.core.StandardEngine - Starting Servlet engine: [Apache Tomcat/10.1.16]
2026-07-31 10:58:41.221 [restartedMain] INFO  o.a.c.c.C.[Tomcat].[localhost].[/] - Initializing Spring embedded WebApplicationContext
2026-07-31 10:58:41.221 [restartedMain] INFO  o.s.b.w.s.c.ServletWebServerApplicationContext - Root WebApplicationContext: initialization completed in 845 ms
2026-07-31 10:58:41.273 [restartedMain] INFO  com.zaxxer.hikari.HikariDataSource - HikariPool-24 - Starting...
2026-07-31 10:58:41.326 [restartedMain] INFO  com.zaxxer.hikari.pool.HikariPool - HikariPool-24 - Added connection org.postgresql.jdbc.PgConnection@3d9f7031
2026-07-31 10:58:41.326 [restartedMain] INFO  com.zaxxer.hikari.HikariDataSource - HikariPool-24 - Start completed.
2026-07-31 10:58:41.343 [restartedMain] INFO  org.flywaydb.core.FlywayExecutor - Database: jdbc:postgresql://localhost:5432/auth-db (PostgreSQL 18.4)
2026-07-31 10:58:41.343 [restartedMain] WARN  o.f.c.i.database.base.Database - Flyway upgrade recommended: PostgreSQL 18.4 is newer than this version of Flyway and support has not been tested. The latest supported version of PostgreSQL is 15.
2026-07-31 10:58:41.421 [restartedMain] INFO  o.f.core.internal.command.DbMigrate - Current version of schema "public": 32
2026-07-31 10:58:41.421 [restartedMain] WARN  o.f.core.internal.command.DbMigrate - outOfOrder mode is active. Migration of schema "public" may not be reproducible.
2026-07-31 10:58:41.421 [restartedMain] INFO  o.f.core.internal.command.DbMigrate - Schema "public" is up to date. No migration necessary.
2026-07-31 10:58:41.507 [restartedMain] INFO  o.h.jpa.internal.util.LogHelper - HHH000204: Processing PersistenceUnitInfo [name: default]
2026-07-31 10:58:41.511 [restartedMain] INFO  o.h.c.i.RegionFactoryInitiator - HHH000026: Second-level cache disabled
2026-07-31 10:58:41.525 [restartedMain] INFO  o.s.o.j.p.SpringPersistenceUnitInfo - No LoadTimeWeaver setup: ignoring JPA class transformer
2026-07-31 10:58:42.502 [restartedMain] INFO  o.h.e.t.j.p.i.JtaPlatformInitiator - HHH000489: No JTA platform available (set 'hibernate.transaction.jta.platform' to enable JTA platform integration)
2026-07-31 10:58:42.502 [restartedMain] INFO  o.s.o.j.LocalContainerEntityManagerFactoryBean - Initialized JPA EntityManagerFactory for persistence unit 'default'
2026-07-31 10:58:42.604 [restartedMain] DEBUG c.e.a.a.s.JwtAuthenticationFilter - Filter 'jwtAuthenticationFilter' configured for use
2026-07-31 10:58:43.542 [restartedMain] WARN  o.s.b.w.s.c.AnnotationConfigServletWebServerApplicationContext - Exception encountered during context initialization - cancelling refresh attempt: org.springframework.beans.factory.UnsatisfiedDependencyException: Error creating bean with name 'inventoryCountItemController' defined in file [C:\Users\hp\Desktop\Ei Khaing Soe\auth-system\auth-system\target\classes\com\example\auth_system\inventory\controller\InventoryCountItemController.class]: Unsatisfied dependency expressed through constructor parameter 0: Error creating bean with name 'inventoryCountItemServiceImpl' defined in file [C:\Users\hp\Desktop\Ei Khaing Soe\auth-system\auth-system\target\classes\com\example\auth_system\inventory\service\impl\InventoryCountItemServiceImpl.class]: Unsatisfied dependency expressed through constructor parameter 5: No qualifying bean of type 'com.example.auth_system.inventory.entity.InventoryCountItem' available: expected at least 1 bean which qualifies as autowire candidate. Dependency annotations: {}
2026-07-31 10:58:43.542 [restartedMain] INFO  o.s.o.j.LocalContainerEntityManagerFactoryBean - Closing JPA EntityManagerFactory for persistence unit 'default'
2026-07-31 10:58:43.542 [restartedMain] INFO  com.zaxxer.hikari.HikariDataSource - HikariPool-24 - Shutdown initiated...
2026-07-31 10:58:43.559 [restartedMain] INFO  com.zaxxer.hikari.HikariDataSource - HikariPool-24 - Shutdown completed.
2026-07-31 10:58:43.559 [restartedMain] INFO  o.a.catalina.core.StandardService - Stopping service [Tomcat]
2026-07-31 10:58:43.559 [restartedMain] INFO  o.s.b.a.l.ConditionEvaluationReportLogger - 

Error starting ApplicationContext. To display the condition evaluation report re-run your application with 'debug' enabled.
2026-07-31 10:58:43.630 [restartedMain] ERROR o.s.b.d.LoggingFailureAnalysisReporter - 

***************************
APPLICATION FAILED TO START
***************************

Description:

Parameter 5 of constructor in com.example.auth_system.inventory.service.impl.InventoryCountItemServiceImpl required a bean of type 'com.example.auth_system.inventory.entity.InventoryCountItem' that could not be found.


Action:

Consider defining a bean of type 'com.example.auth_system.inventory.entity.InventoryCountItem' in your configuration.

2026-07-31 11:01:18.720 [restartedMain] INFO  c.e.a.AuthSystemApplication - Starting AuthSystemApplication using Java 21.0.11 with PID 9776 (C:\Users\hp\Desktop\Ei Khaing Soe\auth-system\auth-system\target\classes started by hp in C:\Users\hp\Desktop\Ei Khaing Soe\auth-system\auth-system)
2026-07-31 11:01:18.720 [restartedMain] DEBUG c.e.a.AuthSystemApplication - Running with Spring Boot v3.2.0, Spring v6.1.1
2026-07-31 11:01:18.720 [restartedMain] INFO  c.e.a.AuthSystemApplication - No active profile set, falling back to 1 default profile: "default"
2026-07-31 11:01:19.076 [restartedMain] INFO  o.s.d.r.c.RepositoryConfigurationDelegate - Bootstrapping Spring Data JPA repositories in DEFAULT mode.
2026-07-31 11:01:19.221 [restartedMain] INFO  o.s.d.r.c.RepositoryConfigurationDelegate - Finished Spring Data repository scanning in 142 ms. Found 36 JPA repository interfaces.
2026-07-31 11:01:19.441 [restartedMain] INFO  o.s.b.w.e.tomcat.TomcatWebServer - Tomcat initialized with port 8080 (http)
2026-07-31 11:01:19.443 [restartedMain] INFO  o.a.catalina.core.StandardService - Starting service [Tomcat]
2026-07-31 11:01:19.443 [restartedMain] INFO  o.a.catalina.core.StandardEngine - Starting Servlet engine: [Apache Tomcat/10.1.16]
2026-07-31 11:01:19.464 [restartedMain] INFO  o.a.c.c.C.[Tomcat-1].[localhost].[/] - Initializing Spring embedded WebApplicationContext
2026-07-31 11:01:19.464 [restartedMain] INFO  o.s.b.w.s.c.ServletWebServerApplicationContext - Root WebApplicationContext: initialization completed in 742 ms
2026-07-31 11:01:19.504 [restartedMain] INFO  com.zaxxer.hikari.HikariDataSource - HikariPool-25 - Starting...
2026-07-31 11:01:19.542 [restartedMain] INFO  com.zaxxer.hikari.pool.HikariPool - HikariPool-25 - Added connection org.postgresql.jdbc.PgConnection@10cb2491
2026-07-31 11:01:19.543 [restartedMain] INFO  com.zaxxer.hikari.HikariDataSource - HikariPool-25 - Start completed.
2026-07-31 11:01:19.548 [restartedMain] INFO  org.flywaydb.core.FlywayExecutor - Database: jdbc:postgresql://localhost:5432/auth-db (PostgreSQL 18.4)
2026-07-31 11:01:19.559 [restartedMain] WARN  o.f.c.i.database.base.Database - Flyway upgrade recommended: PostgreSQL 18.4 is newer than this version of Flyway and support has not been tested. The latest supported version of PostgreSQL is 15.
2026-07-31 11:01:19.610 [restartedMain] INFO  o.f.core.internal.command.DbMigrate - Current version of schema "public": 32
2026-07-31 11:01:19.610 [restartedMain] WARN  o.f.core.internal.command.DbMigrate - outOfOrder mode is active. Migration of schema "public" may not be reproducible.
2026-07-31 11:01:19.611 [restartedMain] INFO  o.f.core.internal.command.DbMigrate - Schema "public" is up to date. No migration necessary.
2026-07-31 11:01:19.668 [restartedMain] INFO  o.h.jpa.internal.util.LogHelper - HHH000204: Processing PersistenceUnitInfo [name: default]
2026-07-31 11:01:19.672 [restartedMain] INFO  o.h.c.i.RegionFactoryInitiator - HHH000026: Second-level cache disabled
2026-07-31 11:01:19.691 [restartedMain] INFO  o.s.o.j.p.SpringPersistenceUnitInfo - No LoadTimeWeaver setup: ignoring JPA class transformer
2026-07-31 11:01:20.330 [restartedMain] INFO  o.h.e.t.j.p.i.JtaPlatformInitiator - HHH000489: No JTA platform available (set 'hibernate.transaction.jta.platform' to enable JTA platform integration)
2026-07-31 11:01:20.339 [restartedMain] INFO  o.s.o.j.LocalContainerEntityManagerFactoryBean - Initialized JPA EntityManagerFactory for persistence unit 'default'
2026-07-31 11:01:20.446 [restartedMain] DEBUG c.e.a.a.s.JwtAuthenticationFilter - Filter 'jwtAuthenticationFilter' configured for use
2026-07-31 11:01:21.579 [restartedMain] WARN  o.s.b.w.s.c.AnnotationConfigServletWebServerApplicationContext - Exception encountered during context initialization - cancelling refresh attempt: org.springframework.beans.factory.UnsatisfiedDependencyException: Error creating bean with name 'inventoryCountItemController' defined in file [C:\Users\hp\Desktop\Ei Khaing Soe\auth-system\auth-system\target\classes\com\example\auth_system\inventory\controller\InventoryCountItemController.class]: Unsatisfied dependency expressed through constructor parameter 0: Error creating bean with name 'inventoryCountItemServiceImpl' defined in file [C:\Users\hp\Desktop\Ei Khaing Soe\auth-system\auth-system\target\classes\com\example\auth_system\inventory\service\impl\InventoryCountItemServiceImpl.class]: Unsatisfied dependency expressed through constructor parameter 5: No qualifying bean of type 'com.example.auth_system.inventory.entity.InventoryCountItem' available: expected at least 1 bean which qualifies as autowire candidate. Dependency annotations: {}
2026-07-31 11:01:21.581 [restartedMain] INFO  o.s.o.j.LocalContainerEntityManagerFactoryBean - Closing JPA EntityManagerFactory for persistence unit 'default'
2026-07-31 11:01:21.581 [restartedMain] INFO  com.zaxxer.hikari.HikariDataSource - HikariPool-25 - Shutdown initiated...
2026-07-31 11:01:21.583 [restartedMain] INFO  com.zaxxer.hikari.HikariDataSource - HikariPool-25 - Shutdown completed.
2026-07-31 11:01:21.583 [restartedMain] INFO  o.a.catalina.core.StandardService - Stopping service [Tomcat]
2026-07-31 11:01:21.587 [restartedMain] INFO  o.s.b.a.l.ConditionEvaluationReportLogger - 

Error starting ApplicationContext. To display the condition evaluation report re-run your application with 'debug' enabled.
2026-07-31 11:01:21.602 [restartedMain] ERROR o.s.b.d.LoggingFailureAnalysisReporter - 

***************************
APPLICATION FAILED TO START
***************************

Description:

Parameter 5 of constructor in com.example.auth_system.inventory.service.impl.InventoryCountItemServiceImpl required a bean of type 'com.example.auth_system.inventory.entity.InventoryCountItem' that could not be found.


Action:

Consider defining a bean of type 'com.example.auth_system.inventory.entity.InventoryCountItem' in your configuration.

2026-07-31 11:01:25.606 [restartedMain] INFO  c.e.a.AuthSystemApplication - Starting AuthSystemApplication using Java 21.0.11 with PID 9776 (C:\Users\hp\Desktop\Ei Khaing Soe\auth-system\auth-system\target\classes started by hp in C:\Users\hp\Desktop\Ei Khaing Soe\auth-system\auth-system)
2026-07-31 11:01:25.607 [restartedMain] DEBUG c.e.a.AuthSystemApplication - Running with Spring Boot v3.2.0, Spring v6.1.1
2026-07-31 11:01:25.607 [restartedMain] INFO  c.e.a.AuthSystemApplication - No active profile set, falling back to 1 default profile: "default"
2026-07-31 11:01:25.992 [restartedMain] INFO  o.s.d.r.c.RepositoryConfigurationDelegate - Bootstrapping Spring Data JPA repositories in DEFAULT mode.
2026-07-31 11:01:26.113 [restartedMain] INFO  o.s.d.r.c.RepositoryConfigurationDelegate - Finished Spring Data repository scanning in 121 ms. Found 36 JPA repository interfaces.
2026-07-31 11:01:26.276 [restartedMain] INFO  o.s.b.w.e.tomcat.TomcatWebServer - Tomcat initialized with port 8080 (http)
2026-07-31 11:01:26.276 [restartedMain] INFO  o.a.catalina.core.StandardService - Starting service [Tomcat]
2026-07-31 11:01:26.276 [restartedMain] INFO  o.a.catalina.core.StandardEngine - Starting Servlet engine: [Apache Tomcat/10.1.16]
2026-07-31 11:01:26.297 [restartedMain] INFO  o.a.c.c.C.[Tomcat-2].[localhost].[/] - Initializing Spring embedded WebApplicationContext
2026-07-31 11:01:26.297 [restartedMain] INFO  o.s.b.w.s.c.ServletWebServerApplicationContext - Root WebApplicationContext: initialization completed in 687 ms
2026-07-31 11:01:26.343 [restartedMain] INFO  com.zaxxer.hikari.HikariDataSource - HikariPool-26 - Starting...
2026-07-31 11:01:26.396 [restartedMain] INFO  com.zaxxer.hikari.pool.HikariPool - HikariPool-26 - Added connection org.postgresql.jdbc.PgConnection@68159599
2026-07-31 11:01:26.396 [restartedMain] INFO  com.zaxxer.hikari.HikariDataSource - HikariPool-26 - Start completed.
2026-07-31 11:01:26.425 [restartedMain] INFO  org.flywaydb.core.FlywayExecutor - Database: jdbc:postgresql://localhost:5432/auth-db (PostgreSQL 18.4)
2026-07-31 11:01:26.428 [restartedMain] WARN  o.f.c.i.database.base.Database - Flyway upgrade recommended: PostgreSQL 18.4 is newer than this version of Flyway and support has not been tested. The latest supported version of PostgreSQL is 15.
2026-07-31 11:01:26.492 [restartedMain] INFO  o.f.core.internal.command.DbMigrate - Current version of schema "public": 32
2026-07-31 11:01:26.492 [restartedMain] WARN  o.f.core.internal.command.DbMigrate - outOfOrder mode is active. Migration of schema "public" may not be reproducible.
2026-07-31 11:01:26.500 [restartedMain] INFO  o.f.core.internal.command.DbMigrate - Schema "public" is up to date. No migration necessary.
2026-07-31 11:01:26.531 [restartedMain] INFO  o.h.jpa.internal.util.LogHelper - HHH000204: Processing PersistenceUnitInfo [name: default]
2026-07-31 11:01:26.543 [restartedMain] INFO  o.h.c.i.RegionFactoryInitiator - HHH000026: Second-level cache disabled
2026-07-31 11:01:26.543 [restartedMain] INFO  o.s.o.j.p.SpringPersistenceUnitInfo - No LoadTimeWeaver setup: ignoring JPA class transformer
2026-07-31 11:01:26.822 [restartedMain] INFO  o.h.e.t.j.p.i.JtaPlatformInitiator - HHH000489: No JTA platform available (set 'hibernate.transaction.jta.platform' to enable JTA platform integration)
2026-07-31 11:01:26.822 [restartedMain] INFO  o.s.o.j.LocalContainerEntityManagerFactoryBean - Initialized JPA EntityManagerFactory for persistence unit 'default'
2026-07-31 11:01:26.883 [restartedMain] DEBUG c.e.a.a.s.JwtAuthenticationFilter - Filter 'jwtAuthenticationFilter' configured for use
2026-07-31 11:01:27.392 [restartedMain] WARN  o.s.b.w.s.c.AnnotationConfigServletWebServerApplicationContext - Exception encountered during context initialization - cancelling refresh attempt: org.springframework.beans.factory.UnsatisfiedDependencyException: Error creating bean with name 'inventoryCountItemController' defined in file [C:\Users\hp\Desktop\Ei Khaing Soe\auth-system\auth-system\target\classes\com\example\auth_system\inventory\controller\InventoryCountItemController.class]: Unsatisfied dependency expressed through constructor parameter 0: Error creating bean with name 'inventoryCountItemServiceImpl' defined in file [C:\Users\hp\Desktop\Ei Khaing Soe\auth-system\auth-system\target\classes\com\example\auth_system\inventory\service\impl\InventoryCountItemServiceImpl.class]: Unsatisfied dependency expressed through constructor parameter 5: No qualifying bean of type 'com.example.auth_system.inventory.entity.InventoryCountItem' available: expected at least 1 bean which qualifies as autowire candidate. Dependency annotations: {}
2026-07-31 11:01:27.406 [restartedMain] INFO  o.s.o.j.LocalContainerEntityManagerFactoryBean - Closing JPA EntityManagerFactory for persistence unit 'default'
2026-07-31 11:01:27.406 [restartedMain] INFO  com.zaxxer.hikari.HikariDataSource - HikariPool-26 - Shutdown initiated...
2026-07-31 11:01:27.406 [restartedMain] INFO  com.zaxxer.hikari.HikariDataSource - HikariPool-26 - Shutdown completed.
2026-07-31 11:01:27.406 [restartedMain] INFO  o.a.catalina.core.StandardService - Stopping service [Tomcat]
2026-07-31 11:01:27.414 [restartedMain] INFO  o.s.b.a.l.ConditionEvaluationReportLogger - 

Error starting ApplicationContext. To display the condition evaluation report re-run your application with 'debug' enabled.
2026-07-31 11:01:27.424 [restartedMain] ERROR o.s.b.d.LoggingFailureAnalysisReporter - 

***************************
APPLICATION FAILED TO START
***************************

Description:

Parameter 5 of constructor in com.example.auth_system.inventory.service.impl.InventoryCountItemServiceImpl required a bean of type 'com.example.auth_system.inventory.entity.InventoryCountItem' that could not be found.


Action:

Consider defining a bean of type 'com.example.auth_system.inventory.entity.InventoryCountItem' in your configuration.

